SYS_DataState,SYS_DataTime,SYS_DataFile,ID,RefMonPoint,t,wm,860168,100300,100001,100305,860177,100306,860178,100100,100101,100102,100103,100104,100105,100120,100121,100122,100123,100124,100125,100030,100031,100032,100033,100034,100035,100010,100011,100012,100013,100014,100015,101876,100008,101824,100005,100002,100004,100003,100395,101403,101404,101401,101402,860424,101465,101419,101420,100140,100141,100142,100143,100144,100145,860687,860688,860689,860690,860691,860692,860693,860694,860695,860696,860697,860698,100180,110181,110182,110183,110184,110185,860710,100504,100505,100506,100507,100508,100509,100510,100511,100512,100513,100514,100521,100522,100523,100524,100525,100526,100527,100528,100529,100530,100531,100538,100539,100540,100541,100542,100543,100544,100545,100546,100547,100548,100200,100201,100202,100203,101800,101801,101802,100301,100303,860173,100302,100304,860174,100471,100470,100006,100007
True,2021/6/30 22:00:12,,3930791026721030267,Equ1,2021/6/30 21:40:30,1.0,0.0,0.0,1313.0,0.0,0.0,0.0,0.0,456.58,501.63,511.8,468.82,459.71,456.11,0.6,3.21,0.45,0.03,0.0,0.6,145.02,69.78,112.4,187.01,89.21,129.35,457.48,505.14,512.54,469.14,460.01,457.01,6770.51,0.0,0.0,25240.37,7.74,0.37,1.99,3.88,1701.61,1977.65,1.0,1.0,0.36,4.05,3.66,3.98,0.0,0.0,0.0,0.0,0.0,0.0,0.0,0.0,0.0,0.0,5.0,9.0,6.0,10.0,6.0,10.0,5.0,9.0,0.0,0.0,0.0,0.0,0.0,0.0,0.0,2.43,2.25,1.7,4.16,2.26,4.57,1.94,2.18,3.25,2.56,2.81,3.33,2.96,2.64,5.5,5.46,2.62,2.52,2.26,3.18,2.08,2.31,4.81,3.24,3.76,4.32,3.88,55.16,2.51,25.69,71.92,2.92,3.37,22.71,2.83,10.63,88.82,,,,0.0,0.0,0.0,0.0,0.0,0.0,-6.0,-1.0,1.0,0.0
True,2021/6/30 22:00:12,,3930791026721030268,Equ1,2021/6/30 21:40:35,1.0,0.0,0.0,1313.0,0.0,0.0,0.0,0.0,456.58,501.63,511.8,468.82,459.71,456.11,1.75,5.21,1.8,0.02,0.0,1.75,145.18,115.93,135.11,166.16,72.82,155.22,459.28,507.79,514.55,469.79,460.66,458.81,6770.51,7.03,0.1,26928.72,10.88,0.35,1.99,5.46,1719.33,1967.81,1.0,1.0,0.3,4.05,3.65,3.98,0.0,0.0,0.0,0.0,0.0,0.0,0.0,0.0,0.0,0.0,5.0,9.0,6.0,10.0,6.0,10.0,5.0,9.0,0.0,0.0,0.0,0.0,0.0,0.0,0.0,2.41,2.25,1.7,4.16,2.26,4.57,1.94,2.18,3.24,2.56,2.82,3.33,2.96,2.64,5.51,5.45,2.63,2.53,2.25,3.17,2.07,2.31,4.82,3.23,3.74,4.32,3.88,55.16,2.5,27.37,71.92,2.92,3.37,22.72,2.88,10.73,88.83,,,,0.0,0.0,0.0,0.0,0.0,0.0,-6.0,-1.0,1.0,0.0
True,2021/6/30 22:00:12,,3930791026721030269,Equ1,2021/6/30 21:40:40,1.0,0.0,0.0,1313.0,0.0,0.0,0.0,0.0,456.58,501.63,511.8,468.82,459.71,456.11,2.37,6.11,2.74,0.0,0.11,2.37,146.22,115.71,147.92,150.61,73.29,167.07,460.35,509.14,515.94,470.21,461.22,459.88,6770.51,5.32,0.14,27119.86,13.95,0.34,1.99,7.0,1708.12,2000.0,1.0,1.0,0.27,4.06,3.63,3.97,0.0,0.0,0.0,0.0,0.0,0.0,0.0,0.0,0.0,0.0,5.0,9.0,6.0,10.0,6.0,10.0,5.0,9.0,0.0,0.0,0.0,0.0,0.0,0.0,0.0,2.4,2.25,1.7,4.16,2.26,4.55,1.96,2.17,3.23,2.56,2.81,3.33,2.96,2.64,5.51,5.45,2.64,2.56,2.25,3.17,2.08,2.31,4.82,3.23,3.74,4.33,3.88,55.16,2.52,18.65,71.91,2.92,3.37,22.72,2.9,10.84,88.83,,,,0.0,0.0,0.0,0.0,0.0,0.0,-6.0,-1.0,1.0,0.0
True,2021/6/30 22:00:12,,3930791026721030270,Equ1,2021/6/30 21:40:45,1.0,0.0,0.0,1313.0,0.0,0.0,0.0,0.0,456.58,501.63,511.8,468.82,459.71,456.11,2.54,6.4,2.92,0.0,0.12,2.54,146.02,115.84,147.79,149.0,73.28,167.33,460.58,509.49,516.19,470.28,461.3,460.11,6745.38,5.56,0.13,27034.91,13.85,0.36,1.99,6.94,1708.48,1965.64,1.0,1.0,0.12,4.05,3.61,3.95,0.0,0.0,0.0,0.0,0.0,0.0,0.0,0.0,0.0,0.0,5.0,9.0,6.0,10.0,6.0,10.0,5.0,9.0,0.0,0.0,0.0,0.0,0.0,0.0,0.0,2.39,2.11,1.7,4.15,2.26,4.55,1.96,2.17,3.24,2.56,2.82,3.33,2.97,2.64,5.5,5.45,2.64,2.56,2.25,3.18,2.08,2.31,4.83,3.25,3.74,4.33,3.89,55.16,2.53,14.96,54.81,2.93,3.37,0.31,1.64,9.17,76.34,,,,0.0,0.0,0.0,0.0,0.0,0.0,-6.0,-1.0,1.0,0.0
True,2021/6/30 22:00:12,,3930791026721030271,Equ1,2021/6/30 21:40:50,1.0,0.0,0.0,1313.0,0.0,0.0,0.0,0.0,456.58,501.63,511.8,468.82,459.71,456.11,2.81,6.55,2.99,0.0,0.71,2.81,145.1,115.32,146.46,141.04,106.12,165.8,461.13,509.92,516.53,470.56,462.16,460.66,6745.38,8.29,0.09,27459.65,9.68,0.37,1.99,4.86,1685.84,2000.0,1.0,1.0,0.03,4.04,3.6,3.94,0.0,0.0,0.0,0.0,0.0,0.0,0.0,0.0,0.0,0.0,5.0,9.0,6.0,10.0,6.0,10.0,5.0,9.0,0.0,0.0,0.0,0.0,0.0,0.0,0.0,2.39,1.88,1.7,4.16,2.27,4.56,1.97,2.17,3.25,2.59,2.83,3.34,2.97,2.65,5.52,5.46,2.67,2.6,2.25,3.18,2.09,2.31,4.84,3.26,3.74,4.33,3.91,55.17,2.56,13.15,55.41,2.95,3.37,0.31,1.74,9.32,56.36,,,,0.0,0.0,0.0,0.0,0.0,0.0,-6.0,-1.0,1.0,0.0
True,2021/6/30 22:00:12,,3930791026721030272,Equ1,2021/6/30 21:40:55,1.0,0.0,0.0,1313.0,0.0,0.0,0.0,0.0,456.58,501.63,511.8,468.82,459.71,456.11,3.19,6.55,2.8,0.0,1.33,3.19,144.24,114.74,145.7,132.91,135.63,162.49,463.09,511.5,517.92,472.14,464.36,462.62,6745.38,8.01,0.09,28075.53,10.38,0.39,1.99,5.2,1670.21,1955.8,1.0,1.0,-0.06,4.05,3.59,3.94,0.0,0.0,0.0,0.0,0.0,0.0,0.0,0.0,0.0,0.0,5.0,9.0,6.0,10.0,6.0,10.0,5.0,9.0,0.0,0.0,0.0,0.0,0.0,0.0,0.0,2.4,1.82,1.71,4.16,2.27,4.57,1.98,2.18,3.26,2.6,2.85,3.36,2.97,2.66,5.52,5.45,2.67,2.6,2.25,3.2,2.1,2.33,4.86,3.28,3.74,4.33,3.91,55.17,2.58,12.07,57.77,26.2,3.38,0.31,1.79,9.85,53.76,,,,0.0,0.0,0.0,0.0,0.0,0.0,-6.0,-1.0,1.0,0.0
True,2021/6/30 22:00:12,,3930791026721030273,Equ1,2021/6/30 21:41:00,1.0,0.0,0.0,1313.0,0.0,0.0,0.0,0.0,456.58,501.63,511.8,468.82,459.71,456.11,3.04,6.41,2.62,0.0,1.41,3.04,143.68,114.06,147.11,134.42,143.92,156.79,465.41,513.82,520.2,474.6,466.91,464.94,6720.24,4.79,0.15,28245.43,16.55,0.37,1.99,8.3,1735.82,1942.93,1.0,1.0,-0.1,4.07,3.58,3.94,0.0,0.0,0.0,0.0,0.0,0.0,0.0,0.0,0.0,0.0,5.0,9.0,6.0,10.0,6.0,10.0,5.0,9.0,0.0,0.0,0.0,0.0,0.0,0.0,0.0,2.4,1.8,1.71,4.16,2.27,4.57,1.98,2.18,3.26,2.59,2.85,3.36,2.97,2.66,5.52,5.45,2.68,2.6,2.25,3.2,2.09,2.34,4.86,3.28,3.74,4.33,3.92,55.17,2.57,11.3,58.42,47.08,3.39,0.3,1.68,10.14,47.24,,,,0.0,0.0,0.0,0.0,0.0,0.0,-6.0,-1.0,1.0,0.0
True,2021/6/30 22:00:12,,3930791026721030274,Equ1,2021/6/30 21:41:05,1.0,0.0,0.0,1313.0,0.0,0.0,0.0,0.0,456.58,501.63,511.8,468.82,459.71,456.11,2.45,6.04,2.33,0.0,0.9,2.45,142.69,110.87,133.04,165.84,132.25,144.72,468.64,517.28,523.74,478.43,470.22,468.17,6695.11,3.0,0.24,28202.95,24.84,0.35,1.99,12.46,1702.69,1996.09,1.0,1.0,-0.2,4.09,3.59,3.97,0.0,0.0,0.0,0.0,0.0,0.0,0.0,0.0,0.0,0.0,5.0,9.0,6.0,10.0,6.0,10.0,5.0,9.0,0.0,0.0,0.0,0.0,0.0,0.0,0.0,2.41,1.79,1.71,4.17,2.28,4.55,1.98,2.18,3.26,2.6,2.86,3.37,2.97,2.66,5.53,5.47,2.7,2.62,2.25,3.21,2.11,2.34,4.86,3.27,3.77,4.35,3.94,55.18,2.59,10.82,58.74,46.85,3.39,0.28,0.58,8.98,0.36,,,,0.0,0.0,0.0,0.0,0.0,0.0,-6.0,-1.0,1.0,0.0
True,2021/6/30 22:00:12,,3930791026721030275,Equ1,2021/6/30 21:41:10,1.0,0.0,0.0,1313.0,0.0,0.0,0.0,0.0,456.58,501.63,511.8,468.82,459.71,456.11,2.44,6.36,2.44,0.0,0.91,2.44,144.14,118.71,131.16,165.58,134.72,139.03,470.95,519.91,526.17,480.75,472.55,470.48,6695.11,2.39,0.3,28330.38,30.96,0.34,1.99,15.53,1717.52,1994.36,1.0,1.0,-0.24,4.1,3.59,3.97,0.0,0.0,0.0,0.0,0.0,0.0,0.0,0.0,0.0,0.0,5.0,9.0,6.0,10.0,6.0,10.0,5.0,9.0,0.0,0.0,0.0,0.0,0.0,0.0,0.0,2.41,1.78,1.71,4.17,2.29,4.55,1.98,2.19,3.28,2.61,2.88,3.37,2.97,2.67,5.53,5.49,2.7,2.61,2.27,3.23,2.12,2.36,4.88,3.27,3.77,4.35,3.95,55.18,2.6,10.52,58.9,29.44,3.39,0.28,0.48,8.8,0.35,,,,0.0,0.0,0.0,0.0,0.0,0.0,-6.0,-1.0,1.0,0.0
True,2021/6/30 22:00:12,,3930791026721030276,Equ1,2021/6/30 21:41:15,1.0,0.0,0.0,1313.0,0.0,0.0,0.0,0.0,456.58,501.63,511.8,468.82,459.71,456.11,2.03,6.59,2.54,0.0,0.85,2.03,144.3,128.11,128.46,165.84,134.88,133.96,473.55,523.16,529.28,483.76,475.51,473.08,6695.11,2.11,0.34,28362.23,35.67,0.35,1.99,17.89,1714.34,1941.77,1.0,1.0,-0.3,4.12,3.6,3.99,0.0,0.0,0.0,0.0,0.0,0.0,0.0,0.0,0.0,0.0,5.0,9.0,6.0,10.0,6.0,10.0,5.0,9.0,0.0,0.0,0.0,0.0,0.0,0.0,0.0,2.4,1.77,1.71,4.17,2.28,4.57,1.97,2.19,3.28,2.62,2.88,3.36,2.97,2.66,5.52,5.48,2.7,2.61,2.26,3.23,2.12,2.42,4.86,3.26,3.77,4.34,3.94,55.18,2.59,10.17,59.03,22.63,42.86,0.29,1.55,9.95,0.37,,,,0.0,0.0,0.0,0.0,0.0,0.0,-6.0,-1.0,1.0,0.0
True,2021/6/30 22:00:12,,3930791026721030277,Equ1,2021/6/30 21:41:20,1.0,0.0,0.0,1313.0,0.0,0.0,0.0,0.0,456.58,501.63,511.8,468.82,459.71,456.11,1.95,6.87,2.67,0.0,0.84,1.95,143.97,134.03,127.5,165.51,136.82,130.11,476.33,526.29,532.26,486.61,478.34,475.86,6669.98,2.17,0.33,28489.65,37.06,0.37,1.99,18.59,1705.08,2000.0,1.0,1.0,-0.36,4.13,3.59,3.99,0.0,0.0,0.0,0.0,0.0,0.0,0.0,0.0,0.0,0.0,5.0,9.0,6.0,10.0,6.0,10.0,5.0,9.0,0.0,0.0,0.0,0.0,0.0,0.0,0.0,2.41,1.75,1.71,4.17,2.29,4.57,1.98,2.2,3.29,2.61,2.88,3.37,2.97,2.67,5.53,5.47,2.71,2.62,2.26,3.22,2.12,2.42,4.86,3.26,3.77,4.35,3.95,55.18,2.6,9.89,59.13,19.39,32.31,0.3,1.81,10.09,0.37,,,,0.0,0.0,0.0,0.0,0.0,0.0,-6.0,-1.0,1.0,0.0
True,2021/6/30 22:00:12,,3930791026721030278,Equ1,2021/6/30 21:41:25,1.0,0.0,0.0,1313.0,0.0,0.0,0.0,0.0,456.58,501.63,511.8,468.82,459.71,456.11,1.95,7.05,2.87,0.0,0.86,1.95,143.84,136.04,128.15,165.47,139.09,127.82,479.1,529.26,535.24,489.39,481.15,478.63,6682.29,2.37,0.31,28510.89,35.65,0.39,1.99,17.88,1689.53,2000.0,1.0,1.0,-0.41,4.14,3.59,3.99,0.0,0.0,0.0,0.0,0.0,0.0,0.0,0.0,0.0,0.0,5.0,9.0,6.0,10.0,6.0,10.0,5.0,9.0,0.0,0.0,0.0,0.0,0.0,0.0,0.0,34.8,1.75,1.71,4.17,2.29,4.56,1.97,2.2,3.29,2.62,2.89,3.13,2.96,2.67,5.53,5.47,2.71,2.62,2.27,3.23,2.13,2.42,4.87,3.27,3.78,4.34,3.95,55.18,2.6,9.67,59.2,17.46,22.42,0.29,1.88,10.26,0.37,,,,0.0,0.0,0.0,0.0,0.0,0.0,-6.0,-1.0,1.0,0.0
True,2021/6/30 22:00:12,,3930791026721030279,Equ1,2021/6/30 21:41:30,1.0,0.0,0.0,1313.0,0.0,0.0,0.0,0.0,456.58,501.63,511.8,468.82,459.71,456.11,1.92,7.12,2.9,0.0,0.87,1.92,143.46,136.04,129.7,165.38,141.22,127.08,481.84,532.09,538.04,492.16,483.93,481.37,6770.51,2.49,0.29,28574.6,35.0,0.4,1.99,17.55,1718.03,1993.27,1.0,1.0,-0.47,4.15,3.58,3.99,0.0,0.0,0.0,0.0,0.0,0.0,0.0,0.0,0.0,0.0,5.0,9.0,6.0,10.0,6.0,10.0,5.0,9.0,0.0,0.0,0.0,0.0,0.0,0.0,0.0,39.51,1.75,1.71,4.17,2.29,4.57,1.98,2.2,3.29,2.62,2.87,3.07,2.96,2.66,5.52,5.47,2.71,2.62,2.27,3.23,2.12,2.39,4.85,3.27,3.77,4.33,3.95,55.19,2.6,9.48,59.25,16.08,18.56,0.3,1.9,10.22,0.37,,,,0.0,0.0,0.0,0.0,0.0,0.0,-6.0,-1.0,1.0,0.0
True,2021/6/30 22:00:12,,3930791026721030280,Equ1,2021/6/30 21:41:35,1.0,0.0,0.0,1313.0,0.0,0.0,0.0,0.0,456.58,501.63,511.8,468.82,459.71,456.11,1.92,7.14,2.94,0.0,0.92,1.92,143.59,136.55,130.69,165.62,143.63,126.36,484.63,534.9,540.87,494.95,486.76,484.16,6833.59,2.71,0.27,28808.21,33.82,0.43,1.99,16.96,1728.52,1947.05,1.0,1.0,-0.52,4.16,3.58,4.0,0.0,0.0,0.0,0.0,0.0,0.0,0.0,0.0,0.0,0.0,5.0,9.0,6.0,10.0,6.0,10.0,5.0,9.0,0.0,0.0,0.0,0.0,0.0,0.0,0.0,13.77,1.74,1.71,4.17,2.29,4.57,1.98,2.2,3.29,2.62,2.88,3.21,2.95,2.67,5.52,5.47,2.71,2.63,2.27,3.23,2.13,2.38,4.86,3.27,3.77,4.34,3.95,55.19,2.61,9.32,59.3,15.14,16.37,0.3,1.91,10.28,0.37,,,,0.0,0.0,0.0,0.0,0.0,0.0,-6.0,-1.0,1.0,0.0
True,2021/6/30 22:00:12,,3930791026721030281,Equ1,2021/6/30 21:41:40,1.0,0.0,0.0,1313.0,0.0,0.0,0.0,0.0,456.58,501.63,511.8,468.82,459.71,456.11,1.93,7.03,2.93,0.0,1.0,1.93,144.08,129.12,135.79,166.23,147.28,128.18,487.27,537.41,543.47,497.57,489.46,486.8,6972.08,3.34,0.23,28871.92,32.52,0.5,1.99,16.31,1695.17,1967.74,1.0,1.0,-0.6,4.16,3.57,4.0,0.0,0.0,0.0,0.0,0.0,0.0,0.0,0.0,0.0,0.0,5.0,9.0,6.0,10.0,6.0,10.0,5.0,9.0,0.0,0.0,0.0,0.0,0.0,0.0,0.0,10.2,38.73,1.71,4.17,2.29,4.56,1.98,2.2,3.29,2.63,2.88,3.25,3.07,2.66,5.52,5.47,2.71,2.63,2.27,3.23,2.13,2.38,4.86,3.09,3.78,4.34,3.95,55.19,2.62,9.17,59.34,14.41,14.86,0.3,1.92,10.31,0.37,,,,0.0,0.0,0.0,0.0,0.0,0.0,-6.0,-1.0,1.0,0.0
True,2021/6/30 22:00:12,,3930791026721030282,Equ1,2021/6/30 21:41:45,1.0,0.0,0.0,1313.0,0.0,0.0,0.0,0.0,456.58,501.63,511.8,468.82,459.71,456.11,2.03,6.97,3.02,0.0,1.04,2.03,143.46,129.47,139.22,165.93,149.07,128.3,490.09,540.08,546.29,500.3,492.23,489.62,7236.22,4.35,0.18,28925.02,32.26,0.65,1.99,16.19,1679.47,1972.95,1.0,1.0,-0.7,4.17,3.57,3.98,0.0,0.0,0.0,0.0,0.0,0.0,0.0,0.0,0.0,0.0,5.0,9.0,6.0,10.0,6.0,10.0,5.0,9.0,0.0,0.0,0.0,0.0,0.0,0.0,0.0,9.07,39.79,1.71,4.17,2.29,4.57,1.98,2.2,3.3,2.63,2.88,3.26,3.08,2.66,5.52,5.47,2.72,2.64,2.28,3.23,2.14,2.37,4.85,3.08,3.78,4.34,3.95,55.19,2.63,9.04,59.38,13.82,13.84,0.3,1.96,10.36,0.37,,,,0.0,0.0,0.0,0.0,0.0,0.0,-6.0,-1.0,1.0,0.0
True,2021/6/30 22:00:12,,3930791026721030283,Equ1,2021/6/30 21:41:50,1.0,0.0,0.0,1313.0,0.0,0.0,0.0,0.0,456.58,501.63,511.8,468.82,459.71,456.11,1.84,6.91,3.09,0.0,1.08,1.84,143.98,130.22,145.53,165.73,154.41,130.7,492.51,542.62,548.98,502.9,494.87,492.04,7575.76,5.6,0.15,29540.89,31.55,0.82,1.99,15.83,1738.5,1991.32,1.0,1.0,-0.78,4.17,3.54,3.98,0.0,0.0,0.0,0.0,0.0,0.0,0.0,0.0,0.0,0.0,5.0,9.0,6.0,10.0,6.0,10.0,5.0,9.0,0.0,0.0,0.0,0.0,0.0,0.0,0.0,8.49,17.47,1.72,4.18,2.29,4.58,1.98,2.2,3.3,2.63,2.88,3.28,3.06,2.67,5.53,5.47,2.73,2.64,2.29,3.23,2.15,2.37,4.87,3.15,3.79,4.35,3.96,55.19,2.64,8.94,59.43,13.3,13.07,0.29,1.99,10.4,0.37,,,,0.0,0.0,0.0,0.0,0.0,0.0,-6.0,-1.0,1.0,0.0
True,2021/6/30 22:00:12,,3930791026721030284,Equ1,2021/6/30 21:41:55,1.0,0.0,0.0,1313.0,0.0,0.0,0.0,0.0,456.58,501.63,511.8,468.82,459.71,456.11,1.8,6.8,3.09,0.0,1.13,1.8,144.97,130.51,152.07,166.12,158.36,133.32,495.0,545.05,551.51,505.44,497.47,494.53,8053.79,7.23,0.12,29923.16,31.23,1.05,1.99,15.67,1708.12,2000.0,1.0,1.0,-0.86,4.17,3.54,3.98,0.0,0.0,0.0,0.0,0.0,0.0,0.0,0.0,0.0,0.0,5.0,9.0,6.0,10.0,6.0,10.0,5.0,9.0,0.0,0.0,0.0,0.0,0.0,0.0,0.0,8.18,11.22,53.58,4.17,2.29,4.57,1.98,2.21,3.3,2.64,2.88,3.29,3.04,2.67,5.52,5.47,2.72,2.64,2.29,3.24,2.15,2.37,4.86,3.18,3.83,4.34,3.96,55.2,2.64,8.83,59.46,12.88,12.45,0.3,2.04,10.46,0.37,,,,0.0,0.0,0.0,0.0,0.0,0.0,-6.0,-1.0,1.0,0.0
True,2021/6/30 22:00:12,,3930791026721030285,Equ1,2021/6/30 21:42:00,1.0,0.0,0.0,1313.0,0.0,0.0,0.0,0.0,456.58,501.63,511.8,468.82,459.71,456.11,1.68,6.75,3.28,0.0,1.13,1.68,136.21,129.3,155.86,165.84,160.24,133.0,497.59,547.7,554.4,508.14,500.17,497.12,8179.45,7.83,0.11,29827.6,31.13,1.13,1.99,15.61,1725.62,1984.52,1.0,1.0,-0.96,4.17,3.52,3.97,0.0,0.0,0.0,0.0,0.0,0.0,0.0,0.0,0.0,0.0,5.0,9.0,6.0,10.0,6.0,10.0,5.0,9.0,0.0,0.0,0.0,0.0,0.0,0.0,0.0,7.98,9.32,52.22,4.17,2.29,4.58,1.98,2.21,3.3,2.63,2.87,3.3,3.03,2.66,5.52,5.46,2.72,2.64,2.29,3.23,2.15,2.35,4.85,3.19,3.81,4.33,3.95,55.2,2.63,8.73,59.46,12.52,11.93,0.29,2.15,10.55,0.37,,,,0.0,0.0,0.0,0.0,0.0,0.0,-6.0,-1.0,1.0,0.0
True,2021/6/30 22:00:12,,3930791026721030286,Equ1,2021/6/30 21:42:05,1.0,0.0,0.0,1313.0,0.0,0.0,0.0,0.0,456.58,501.63,511.8,468.82,459.71,456.11,1.63,6.72,3.36,0.0,1.15,1.63,135.53,130.47,159.64,166.32,164.92,135.14,500.0,550.13,556.95,510.61,502.65,499.53,8519.5,8.66,0.11,30178.01,30.93,1.24,1.99,15.51,1775.1,1998.26,1.0,1.0,-1.03,4.17,3.51,3.95,0.0,0.0,0.0,0.0,0.0,0.0,0.0,0.0,0.0,0.0,5.0,9.0,6.0,10.0,6.0,10.0,5.0,9.0,0.0,0.0,0.0,0.0,0.0,0.0,0.0,7.81,8.44,25.3,55.91,2.29,4.58,1.98,2.2,3.3,2.63,2.87,3.3,3.03,2.66,5.52,5.46,2.73,2.64,2.29,3.23,2.14,2.35,4.84,3.19,3.78,4.36,3.95,55.2,2.63,8.65,59.48,12.2,11.52,0.29,2.21,10.57,0.37,,,,0.0,0.0,0.0,0.0,0.0,0.0,-6.0,-1.0,1.0,0.0
True,2021/6/30 22:00:12,,3930791026721030287,Equ1,2021/6/30 21:42:10,1.0,0.0,0.0,1313.0,0.0,0.0,0.0,0.0,456.58,501.63,511.8,468.82,459.71,456.11,1.69,6.8,3.42,0.0,1.22,1.69,136.1,130.38,158.94,166.06,166.99,134.26,502.55,552.7,559.49,513.1,505.21,502.08,8582.08,8.66,0.11,30146.15,30.67,1.23,1.99,15.37,1726.49,2000.0,1.0,1.0,-1.1,4.17,3.51,3.97,0.0,0.0,0.0,0.0,0.0,0.0,0.0,0.0,0.0,0.0,5.0,9.0,6.0,10.0,6.0,10.0,5.0,9.0,0.0,0.0,0.0,0.0,0.0,0.0,0.0,7.67,7.92,11.78,20.82,2.29,4.58,1.99,2.21,3.3,2.63,2.87,3.31,3.03,2.67,5.52,5.47,2.73,2.64,2.29,3.23,2.15,2.35,4.85,3.21,3.78,4.33,3.96,55.2,2.64,8.58,59.49,11.9,11.17,0.29,2.21,10.57,0.37,,,,0.0,0.0,0.0,0.0,0.0,0.0,-6.0,-1.0,1.0,0.0
True,2021/6/30 22:00:12,,3930791026721030288,Equ1,2021/6/30 21:42:15,1.0,0.0,0.0,1313.0,0.0,0.0,0.0,0.0,456.58,501.63,511.8,468.82,459.71,456.11,1.77,6.72,3.33,0.0,1.35,1.77,136.52,130.6,155.51,166.83,170.47,135.01,505.14,555.13,561.91,515.6,507.84,504.67,8657.48,10.02,0.09,30284.19,30.21,1.4,1.99,15.16,1712.96,2000.0,1.0,1.0,-1.17,4.18,3.49,3.95,0.0,0.0,0.0,0.0,0.0,0.0,0.0,0.0,0.0,0.0,5.0,9.0,6.0,10.0,6.0,10.0,5.0,9.0,0.0,0.0,0.0,0.0,0.0,0.0,0.0,7.59,7.53,9.68,14.52,50.85,4.58,1.98,2.21,3.3,2.63,2.88,3.32,3.03,2.67,5.5,5.45,2.73,2.64,2.29,3.24,2.15,2.36,4.85,3.22,3.79,4.29,3.89,55.2,2.63,8.51,59.5,11.65,10.84,0.29,2.21,10.58,0.37,,,,0.0,0.0,0.0,0.0,0.0,0.0,-6.0,-1.0,1.0,0.0
True,2021/6/30 22:00:12,,3930791026721030289,Equ1,2021/6/30 21:42:25,1.0,0.0,0.0,1313.0,0.0,0.0,0.0,0.0,456.58,501.63,511.8,468.82,459.71,456.11,1.1,5.93,3.0,0.0,1.38,1.1,115.61,122.03,157.73,166.7,182.9,127.24,508.23,558.12,565.35,519.37,511.65,507.77,8745.69,11.48,0.08,29615.22,25.77,1.37,1.99,12.92,1703.99,2000.0,1.0,1.0,-1.29,4.17,3.47,3.92,0.0,0.0,0.0,0.0,0.0,0.0,0.0,0.0,0.0,0.0,5.0,9.0,6.0,10.0,6.0,10.0,5.0,9.0,0.0,0.0,0.0,0.0,0.0,0.0,0.0,7.48,7.09,8.37,11.79,50.4,4.59,1.99,2.21,3.3,2.63,2.87,3.32,3.03,2.67,5.51,5.41,2.74,2.64,2.29,3.23,2.15,2.34,4.84,3.22,3.81,4.28,3.88,55.21,2.63,8.39,59.53,11.25,10.38,0.29,2.38,10.95,0.37,,,,0.0,0.0,0.0,0.0,0.0,0.0,-6.0,-1.0,1.0,0.0
True,2021/6/30 22:00:12,,3930791026721030290,Equ1,2021/6/30 21:42:30,1.0,0.0,0.0,1313.0,0.0,0.0,0.0,0.0,456.58,501.63,511.8,468.82,459.71,456.11,0.93,5.78,2.86,0.0,1.36,0.93,115.87,122.51,152.95,166.67,182.1,124.75,510.24,560.13,567.39,521.54,513.8,509.77,8720.56,11.11,0.08,29360.38,24.77,1.28,1.99,12.43,1753.62,1975.62,1.0,1.0,-1.35,4.17,3.45,3.92,0.0,0.0,0.0,0.0,0.0,0.0,0.0,0.0,0.0,0.0,5.0,9.0,6.0,10.0,6.0,10.0,5.0,9.0,0.0,0.0,0.0,0.0,0.0,0.0,0.0,7.43,6.92,8.0,11.12,11.22,4.59,2.0,2.22,3.31,2.63,2.88,3.33,3.03,2.68,5.53,5.41,2.75,2.66,2.29,3.23,2.15,2.35,4.85,3.22,3.83,4.31,3.94,55.21,2.66,8.33,59.54,11.06,10.18,0.28,2.42,11.04,0.37,,,,0.0,0.0,0.0,0.0,0.0,0.0,-6.0,-1.0,1.0,0.0
True,2021/6/30 22:00:12,,3930791026721030291,Equ1,2021/6/30 21:42:35,1.0,0.0,0.0,1313.0,0.0,0.0,0.0,0.0,456.58,501.63,511.8,468.82,459.71,456.11,0.92,5.76,2.84,0.0,1.37,0.92,115.7,122.05,152.39,166.15,181.19,123.41,512.38,562.26,569.52,523.69,515.96,511.91,8644.66,11.24,0.08,29201.1,23.98,1.25,1.99,12.03,1743.85,1969.69,1.0,1.0,-1.4,4.17,3.45,3.91,0.0,0.0,0.0,0.0,0.0,0.0,0.0,0.0,0.0,0.0,5.0,9.0,6.0,10.0,6.0,10.0,5.0,9.0,0.0,0.0,0.0,0.0,0.0,0.0,0.0,7.44,6.79,7.72,10.65,8.75,4.6,2.0,2.22,3.31,2.64,2.89,3.34,3.03,2.69,5.54,5.41,2.75,2.67,2.29,3.25,2.16,2.36,4.86,3.23,3.83,4.31,3.96,55.21,2.66,8.29,59.56,10.89,9.99,0.29,2.41,10.99,0.37,,,,0.0,0.0,0.0,0.0,0.0,0.0,-6.0,-1.0,1.0,0.0
True,2021/6/30 22:00:12,,3930791026721030292,Equ1,2021/6/30 21:42:40,1.0,0.0,0.0,1313.0,0.0,0.0,0.0,0.0,456.58,501.63,511.8,468.82,459.71,456.11,0.91,5.72,2.89,0.0,1.41,0.91,115.25,121.88,153.92,166.38,181.99,122.89,514.57,564.42,571.77,525.89,518.19,514.1,8657.48,10.53,0.09,29222.34,25.38,1.24,1.99,12.73,1746.17,1984.16,1.0,1.0,-1.45,4.16,3.43,3.91,0.0,0.0,0.0,0.0,0.0,0.0,0.0,0.0,0.0,0.0,5.0,9.0,6.0,10.0,6.0,10.0,5.0,9.0,0.0,0.0,0.0,0.0,0.0,0.0,0.0,7.42,6.68,7.49,10.28,7.79,4.59,70.57,2.22,3.31,2.64,2.89,3.34,3.04,2.69,5.53,5.41,2.75,2.63,2.29,3.25,2.16,2.36,4.86,3.24,3.83,4.31,3.97,55.22,2.64,8.25,59.57,10.72,9.82,0.29,2.42,11.06,0.37,,,,0.0,0.0,0.0,0.0,0.0,0.0,-6.0,-1.0,1.0,0.0
True,2021/6/30 22:00:12,,3930791026721030293,Equ1,2021/6/30 21:42:45,1.0,0.0,0.0,1313.0,0.0,0.0,0.0,0.0,456.58,501.63,511.8,468.82,459.71,456.11,0.91,5.75,2.87,0.0,1.42,0.91,116.72,122.32,152.04,167.43,181.47,122.63,516.85,566.74,574.03,528.18,520.49,516.38,8594.39,10.64,0.09,29169.24,26.19,1.29,1.99,13.15,1713.98,2000.0,1.0,1.0,-1.5,4.16,3.43,3.9,0.0,0.0,0.0,0.0,0.0,0.0,0.0,0.0,0.0,0.0,5.0,9.0,6.0,10.0,6.0,10.0,5.0,9.0,0.0,0.0,0.0,0.0,0.0,0.0,0.0,7.4,6.57,7.31,10.01,7.26,4.59,67.87,2.22,3.32,2.64,2.89,3.34,3.04,2.69,5.53,5.41,2.76,2.64,2.3,3.25,2.15,2.36,4.85,3.24,3.83,4.3,3.98,55.22,2.65,8.2,59.58,10.56,9.67,0.29,2.42,11.05,0.37,,,,0.0,0.0,0.0,0.0,0.0,0.0,-6.0,-1.0,1.0,0.0
True,2021/6/30 22:00:12,,3930791026721030294,Equ1,2021/6/30 21:42:50,1.0,0.0,0.0,1313.0,0.0,0.0,0.0,0.0,456.58,501.63,511.8,468.82,459.71,456.11,0.95,5.72,2.79,0.0,1.48,0.95,116.97,123.03,151.13,167.16,181.9,124.58,518.98,568.8,576.04,530.27,522.64,518.51,8657.48,11.04,0.08,29328.52,25.5,1.31,1.99,12.79,1730.54,2000.0,1.0,1.0,-1.55,4.16,3.42,3.89,0.0,0.0,0.0,0.0,0.0,0.0,0.0,0.0,0.0,0.0,5.0,9.0,6.0,10.0,6.0,10.0,5.0,9.0,0.0,0.0,0.0,0.0,0.0,0.0,0.0,7.36,6.48,7.16,9.79,6.88,4.61,28.14,43.64,3.31,2.64,2.89,3.34,3.04,2.69,5.53,5.41,2.76,2.66,2.33,3.24,2.16,2.36,4.85,3.25,3.84,4.3,3.98,55.23,2.66,8.17,59.58,10.42,9.52,0.29,2.42,10.99,0.37,,,,0.0,0.0,0.0,0.0,0.0,0.0,-6.0,-1.0,1.0,0.0
True,2021/6/30 22:00:12,,3930791026721030295,Equ1,2021/6/30 21:42:55,1.0,0.0,0.0,1313.0,0.0,0.0,0.0,0.0,456.58,501.63,511.8,468.82,459.71,456.11,0.89,5.72,2.87,0.0,1.47,0.89,115.57,121.9,151.71,166.51,181.09,122.87,521.05,570.92,578.24,532.39,524.76,520.58,8682.61,10.79,0.09,29126.77,25.6,1.28,1.99,12.84,1697.7,2000.0,1.0,1.0,-1.59,4.16,3.41,3.89,0.0,0.0,0.0,0.0,0.0,0.0,0.0,0.0,0.0,0.0,5.0,9.0,6.0,10.0,6.0,10.0,5.0,9.0,0.0,0.0,0.0,0.0,0.0,0.0,0.0,7.32,6.39,7.03,9.6,6.61,4.61,21.06,47.12,3.3,2.63,2.89,3.34,3.04,2.7,5.53,5.41,2.77,2.66,2.33,3.23,2.15,2.36,4.85,3.25,3.84,4.31,3.98,55.23,2.66,8.06,59.58,10.28,9.4,0.29,2.42,11.1,0.37,,,,0.0,0.0,0.0,0.0,0.0,0.0,-6.0,-1.0,1.0,0.0
True,2021/6/30 22:00:12,,3930791026721030296,Equ1,2021/6/30 21:43:00,1.0,0.0,0.0,1313.0,0.0,0.0,0.0,0.0,456.58,501.63,511.8,468.82,459.71,456.11,0.89,5.71,2.84,0.0,1.47,0.89,116.39,122.56,150.33,166.58,180.6,123.1,523.31,573.17,580.48,534.65,527.02,522.84,8732.88,10.73,0.09,29137.38,26.01,1.29,1.99,13.05,1659.22,2000.0,1.0,1.0,-1.63,4.16,3.4,3.88,0.0,0.0,0.0,0.0,0.0,0.0,0.0,0.0,0.0,0.0,5.0,9.0,6.0,10.0,6.0,10.0,5.0,9.0,0.0,0.0,0.0,0.0,0.0,0.0,0.0,7.23,6.31,6.92,9.45,6.39,4.61,17.97,47.09,3.31,2.63,2.88,3.35,3.04,2.7,5.54,5.42,2.78,2.66,2.33,3.22,2.15,2.35,4.85,3.25,3.84,4.31,3.99,55.23,2.67,8.01,59.59,10.16,9.28,0.29,2.43,11.09,0.37,,,,0.0,0.0,0.0,0.0,0.0,0.0,-6.0,-1.0,1.0,0.0
True,2021/6/30 22:00:12,,3930791026721030297,Equ1,2021/6/30 21:43:05,1.0,0.0,0.0,1313.0,0.0,0.0,0.0,0.0,456.58,501.63,511.8,468.82,459.71,456.11,0.91,5.75,2.89,0.0,1.5,0.91,117.03,123.24,150.64,166.59,181.35,123.97,525.47,575.36,582.67,536.8,529.19,525.01,8669.79,10.65,0.09,29169.24,25.7,1.27,1.99,12.89,1680.56,2000.0,1.0,1.0,-1.67,4.16,3.39,3.88,0.0,0.0,0.0,0.0,0.0,0.0,0.0,0.0,0.0,0.0,5.0,9.0,6.0,10.0,6.0,10.0,5.0,9.0,0.0,0.0,0.0,0.0,0.0,0.0,0.0,7.14,6.24,6.82,9.32,6.22,4.62,16.09,12.53,55.65,2.63,2.88,3.36,3.04,2.7,5.54,5.42,2.78,2.67,2.29,3.24,2.15,2.36,4.85,3.25,3.84,4.32,4.0,55.24,2.68,8.02,59.58,10.13,9.17,0.28,2.43,11.08,0.36,,,,0.0,0.0,0.0,0.0,0.0,0.0,-6.0,-1.0,1.0,0.0
True,2021/6/30 22:00:12,,3930791026721030298,Equ1,2021/6/30 21:43:10,1.0,0.0,0.0,1313.0,0.0,0.0,0.0,0.0,456.58,501.63,511.8,468.82,459.71,456.11,0.93,5.77,2.9,0.0,1.51,0.93,114.97,122.21,149.77,166.32,179.47,121.69,527.7,577.59,584.89,539.01,531.42,527.23,8519.0,10.5,0.09,28935.63,26.11,1.27,1.99,13.1,1678.82,2000.0,1.0,1.0,-1.72,4.16,3.38,3.88,0.0,0.0,0.0,0.0,0.0,0.0,0.0,0.0,0.0,0.0,5.0,9.0,6.0,10.0,6.0,10.0,5.0,9.0,0.0,0.0,0.0,0.0,0.0,0.0,0.0,7.06,6.17,6.75,9.2,6.07,4.62,14.92,9.55,25.04,2.64,2.89,3.36,3.04,2.7,5.55,5.43,2.79,2.67,2.29,3.26,2.16,2.36,4.86,3.26,3.84,4.32,4.0,55.24,2.69,8.01,59.64,10.01,9.07,0.29,2.43,11.13,0.37,,,,0.0,0.0,0.0,0.0,0.0,0.0,-6.0,-1.0,1.0,0.0
True,2021/6/30 22:00:12,,3930791026721030299,Equ1,2021/6/30 21:43:15,1.0,0.0,0.0,1313.0,0.0,0.0,0.0,0.0,456.58,501.63,511.8,468.82,459.71,456.11,0.95,5.79,2.9,0.0,1.54,0.95,116.35,122.53,149.13,166.33,180.25,122.29,530.02,579.9,587.18,541.3,533.73,529.55,8544.13,11.05,0.08,29073.67,26.43,1.35,1.99,13.26,1705.58,1873.48,1.0,1.0,-1.76,4.15,3.37,3.86,0.0,0.0,0.0,0.0,0.0,0.0,0.0,0.0,0.0,0.0,5.0,9.0,6.0,10.0,6.0,10.0,5.0,9.0,0.0,0.0,0.0,0.0,0.0,0.0,0.0,7.0,6.12,6.66,9.1,5.95,4.62,14.06,8.38,17.79,61.16,2.89,3.37,3.05,2.7,5.54,5.43,2.78,2.66,2.29,3.25,2.15,2.36,4.86,3.26,3.84,4.31,4.01,55.25,2.68,7.98,59.65,9.88,8.99,0.29,2.43,11.13,0.37,,,,0.0,0.0,0.0,0.0,0.0,0.0,-6.0,-1.0,1.0,0.0
True,2021/6/30 22:00:12,,3930791026721030300,Equ1,2021/6/30 21:43:20,1.0,0.0,0.0,1313.0,0.0,0.0,0.0,0.0,456.58,501.63,511.8,468.82,459.71,456.11,0.95,5.74,2.82,0.0,1.57,0.95,116.48,122.24,148.77,166.67,180.86,122.74,532.2,582.03,589.28,543.48,535.94,531.73,8619.53,11.5,0.08,29073.67,26.19,1.4,1.99,13.14,1724.1,1990.45,1.0,1.0,-1.8,4.15,3.37,3.86,0.0,0.0,0.0,0.0,0.0,0.0,0.0,0.0,0.0,0.0,5.0,9.0,6.0,10.0,6.0,10.0,5.0,9.0,0.0,0.0,0.0,0.0,0.0,0.0,0.0,6.95,6.05,6.58,9.0,5.84,4.62,13.39,7.71,14.97,60.8,2.89,3.37,3.04,2.7,5.54,5.43,2.78,2.67,2.29,3.25,2.16,2.36,4.86,3.26,3.84,4.31,4.01,55.25,2.69,7.96,59.66,9.79,8.9,0.29,2.43,11.11,0.37,,,,0.0,0.0,0.0,0.0,0.0,0.0,-6.0,-1.0,1.0,0.0
True,2021/6/30 22:00:12,,3930791026721030301,Equ1,2021/6/30 21:43:25,1.0,0.0,0.0,1313.0,0.0,0.0,0.0,0.0,456.58,501.63,511.8,468.82,459.71,456.11,0.92,5.72,2.86,0.0,1.58,0.92,115.93,121.9,147.99,166.33,179.89,122.38,534.39,584.23,591.54,545.7,538.18,533.92,8669.79,10.87,0.09,28967.49,26.43,1.33,1.99,13.26,1739.87,2000.0,1.0,1.0,-1.84,4.15,3.36,3.86,0.0,0.0,0.0,0.0,0.0,0.0,0.0,0.0,0.0,0.0,5.0,9.0,6.0,10.0,6.0,10.0,5.0,9.0,0.0,0.0,0.0,0.0,0.0,0.0,0.0,6.9,6.0,6.51,8.92,5.75,4.63,12.84,7.31,13.45,33.41,53.69,3.36,3.04,2.7,5.55,5.43,2.8,2.68,2.29,3.25,2.16,2.56,4.83,3.26,3.85,4.31,4.01,55.25,2.7,7.93,59.68,9.69,8.95,0.28,2.43,11.15,0.37,,,,0.0,0.0,0.0,0.0,0.0,0.0,-6.0,-1.0,1.0,0.0
True,2021/6/30 22:00:12,,3930791026721030302,Equ1,2021/6/30 21:43:30,1.0,0.0,0.0,1313.0,0.0,0.0,0.0,0.0,456.58,501.63,511.8,468.82,459.71,456.11,0.9,5.74,2.87,0.0,1.58,0.9,116.07,121.73,146.86,166.12,179.4,121.59,536.66,586.54,593.84,547.99,540.46,536.19,8619.53,10.17,0.09,28903.78,26.56,1.25,1.99,13.31,1748.05,2000.0,1.0,1.0,-1.87,4.16,3.35,3.86,0.0,0.0,0.0,0.0,0.0,0.0,0.0,0.0,0.0,0.0,5.0,9.0,6.0,10.0,6.0,10.0,5.0,9.0,0.0,0.0,0.0,0.0,0.0,0.0,0.0,6.85,5.95,6.45,8.84,5.66,4.64,12.35,7.03,12.44,19.58,56.22,3.36,3.04,2.7,5.55,5.43,2.8,2.69,2.29,3.27,2.18,2.56,4.83,3.26,3.85,4.31,4.02,55.26,2.71,7.91,59.7,9.62,8.85,0.29,2.43,11.13,0.36,,,,0.0,0.0,0.0,0.0,0.0,0.0,-6.0,-1.0,1.0,0.0
True,2021/6/30 22:00:12,,3930791026721030303,Equ1,2021/6/30 21:43:35,1.0,0.0,0.0,1313.0,0.0,0.0,0.0,0.0,456.58,501.63,511.8,468.82,459.71,456.11,0.95,5.8,2.92,0.0,1.61,0.95,116.75,122.35,147.82,166.87,180.25,122.37,538.52,588.41,595.7,549.8,542.31,538.05,8606.71,10.96,0.08,29073.67,26.66,1.35,1.99,13.38,1694.81,2000.0,1.0,1.0,-1.91,4.16,3.34,3.86,0.0,0.0,0.0,0.0,0.0,0.0,0.0,0.0,0.0,0.0,5.0,9.0,6.0,10.0,6.0,10.0,5.0,9.0,0.0,0.0,0.0,0.0,0.0,0.0,0.0,6.82,5.91,6.4,8.8,5.6,4.64,12.03,6.85,11.9,16.42,30.68,3.37,3.04,2.7,5.55,5.44,2.8,2.71,2.3,3.28,2.19,2.43,4.84,3.26,3.85,4.31,4.02,55.27,2.73,7.89,59.72,9.56,8.77,0.29,2.43,11.15,0.37,,,,0.0,0.0,0.0,0.0,0.0,0.0,-6.0,-1.0,1.0,0.0
True,2021/6/30 22:00:12,,3930791026721030304,Equ1,2021/6/30 21:43:40,1.0,0.0,0.0,1313.0,0.0,0.0,0.0,0.0,456.58,501.63,511.8,468.82,459.71,456.11,1.0,5.83,2.97,0.0,1.64,1.0,115.74,121.89,148.74,166.49,179.4,121.9,540.79,590.67,597.97,552.03,544.56,540.32,8468.23,10.86,0.08,28967.49,26.7,1.35,1.99,13.39,1734.23,1943.43,1.0,1.0,-1.94,4.16,3.34,3.85,0.0,0.0,0.0,0.0,0.0,0.0,0.0,0.0,0.0,0.0,5.0,9.0,6.0,10.0,6.0,10.0,5.0,9.0,0.0,0.0,0.0,0.0,0.0,0.0,0.0,6.72,5.87,6.34,8.73,5.53,4.64,11.67,6.67,11.31,14.35,19.41,54.4,3.04,2.69,5.56,5.44,2.8,2.7,2.31,3.29,2.19,2.34,4.81,3.26,3.85,4.31,4.02,55.27,2.73,7.86,59.75,9.47,8.7,0.29,2.43,11.15,0.37,,,,0.0,0.0,0.0,0.0,0.0,0.0,-6.0,-1.0,1.0,0.0
True,2021/6/30 22:00:12,,3930791026721030305,Equ1,2021/6/30 21:43:45,1.0,0.0,0.0,1313.0,0.0,0.0,0.0,0.0,456.58,501.63,511.8,468.82,459.71,456.11,1.13,6.05,3.16,0.0,1.55,1.13,117.84,123.26,154.79,166.84,169.84,124.77,542.84,592.8,600.09,553.94,546.39,542.37,8519.0,11.94,0.08,29137.39,26.03,1.44,1.99,13.06,1680.92,1987.27,1.0,1.0,-1.97,4.16,3.34,3.85,0.0,0.0,0.0,0.0,0.0,0.0,0.0,0.0,0.0,0.0,5.0,9.0,6.0,10.0,6.0,10.0,5.0,9.0,0.0,0.0,0.0,0.0,0.0,0.0,0.0,6.65,5.83,6.28,8.67,5.46,4.64,11.37,6.53,10.88,13.08,15.41,51.46,3.04,2.69,5.55,5.44,2.8,2.69,2.31,3.28,2.18,2.29,4.78,3.26,3.84,4.29,4.02,55.27,2.73,7.83,59.73,9.4,8.63,0.29,2.44,11.06,0.37,,,,0.0,0.0,0.0,0.0,0.0,0.0,-6.0,-1.0,1.0,0.0
True,2021/6/30 22:00:12,,3930791026721030306,Equ1,2021/6/30 21:43:50,1.0,0.0,0.0,1313.0,0.0,0.0,0.0,0.0,456.58,501.63,511.8,468.82,459.71,456.11,1.1,6.15,3.44,0.0,1.54,1.1,115.57,121.46,160.24,165.81,168.06,122.44,544.89,594.98,602.45,556.02,548.45,544.42,8606.71,11.67,0.08,29063.06,25.61,1.38,1.99,12.84,1722.01,1926.79,1.0,1.0,-2.0,4.16,3.33,3.85,0.0,0.0,0.0,0.0,0.0,0.0,0.0,0.0,0.0,0.0,5.0,9.0,6.0,10.0,6.0,10.0,5.0,9.0,0.0,0.0,0.0,0.0,0.0,0.0,0.0,6.57,6.19,6.22,8.62,5.41,4.64,11.07,6.39,10.52,12.18,13.53,21.17,46.27,2.69,5.54,5.43,2.8,2.69,2.31,3.28,2.18,2.27,4.8,3.29,3.84,4.29,4.01,55.28,2.73,7.81,59.73,9.33,8.58,0.28,2.44,11.12,0.37,,,,0.0,0.0,0.0,0.0,0.0,0.0,-6.0,-1.0,1.0,0.0
True,2021/6/30 22:00:12,,3930791026721030307,Equ1,2021/6/30 21:43:55,1.0,0.0,0.0,1313.0,0.0,0.0,0.0,0.0,456.58,501.63,511.8,468.82,459.71,456.11,1.03,6.21,3.6,0.0,1.47,1.03,114.44,120.89,160.63,165.31,166.41,121.64,546.97,597.2,604.76,558.18,550.54,546.5,8556.44,10.76,0.09,28797.59,25.81,1.29,1.99,12.94,1704.28,1993.56,1.0,1.0,-2.04,4.17,3.32,3.84,0.0,0.0,0.0,0.0,0.0,0.0,0.0,0.0,0.0,0.0,5.0,9.0,6.0,10.0,6.0,10.0,5.0,9.0,0.0,0.0,0.0,0.0,0.0,0.0,0.0,6.49,6.09,6.17,8.58,5.36,4.65,10.83,6.28,10.22,11.56,12.36,12.1,49.98,2.69,5.55,5.44,2.8,2.7,2.31,3.28,2.19,2.27,4.82,3.3,3.85,4.3,4.02,55.28,2.73,7.78,59.75,9.27,8.53,0.28,2.51,11.09,0.37,,,,0.0,0.0,0.0,0.0,0.0,0.0,-6.0,-1.0,1.0,0.0
True,2021/6/30 22:00:12,,3930791026721030308,Equ1,2021/6/30 21:44:00,1.0,0.0,0.0,1313.0,0.0,0.0,0.0,0.0,456.58,501.63,511.8,468.82,459.71,456.11,1.05,6.38,3.72,0.0,1.48,1.05,116.04,122.01,162.96,165.77,166.17,121.54,549.14,599.52,607.03,560.33,552.7,548.67,8569.26,11.2,0.08,28999.35,25.77,1.34,1.99,12.92,1750.29,1988.43,1.0,1.0,-2.07,4.17,3.33,3.85,0.0,0.0,0.0,0.0,0.0,0.0,0.0,0.0,0.0,0.0,5.0,9.0,6.0,10.0,6.0,10.0,5.0,9.0,0.0,0.0,0.0,0.0,0.0,0.0,0.0,6.52,5.95,6.13,8.53,5.32,4.65,10.6,6.19,9.95,11.07,11.5,10.53,21.74,2.7,5.57,5.45,2.81,2.7,2.31,3.28,2.19,2.27,4.84,3.36,3.85,4.3,4.03,55.28,2.74,7.77,59.76,9.2,8.49,0.28,2.56,11.14,0.36,,,,0.0,0.0,0.0,0.0,0.0,0.0,-6.0,-1.0,1.0,0.0
True,2021/6/30 22:00:12,,3930791026721030309,Equ1,2021/6/30 21:44:05,1.0,0.0,0.0,1313.0,0.0,0.0,0.0,0.0,456.58,501.63,511.8,468.82,459.71,456.11,1.08,6.46,3.83,0.0,1.47,1.08,116.7,122.03,163.99,165.44,166.2,120.66,551.35,601.78,609.32,562.51,554.87,550.88,8506.18,10.97,0.08,28956.87,26.38,1.34,1.99,13.23,1749.42,2000.0,1.0,1.0,-2.09,4.17,3.33,3.84,0.0,0.0,0.0,0.0,0.0,0.0,0.0,0.0,0.0,0.0,5.0,9.0,6.0,10.0,6.0,10.0,5.0,9.0,0.0,0.0,0.0,0.0,0.0,0.0,0.0,6.53,5.89,6.08,8.48,5.27,4.65,10.39,6.1,9.72,10.67,10.91,9.87,14.41,62.91,5.55,5.44,2.8,2.69,2.31,3.28,2.19,2.26,4.84,3.38,3.81,4.28,4.02,55.29,2.74,7.74,59.77,9.14,8.45,0.29,2.6,11.13,0.37,,,,0.0,0.0,0.0,0.0,0.0,0.0,-6.0,-1.0,1.0,0.0
True,2021/6/30 22:00:12,,3930791026721030310,Equ1,2021/6/30 21:44:10,1.0,0.0,0.0,1313.0,0.0,0.0,0.0,0.0,456.58,501.63,511.8,468.82,459.71,456.11,1.07,6.59,4.0,0.0,1.46,1.07,115.61,122.11,165.41,165.35,164.34,119.73,553.59,604.15,611.73,564.76,557.12,553.12,8443.09,10.79,0.08,28829.45,27.21,1.36,2.0,13.65,1704.93,1996.96,1.0,1.0,-2.11,4.18,3.31,3.86,0.0,0.0,0.0,0.0,0.0,0.0,0.0,0.0,0.0,0.0,5.0,9.0,6.0,10.0,6.0,10.0,5.0,9.0,0.0,0.0,0.0,0.0,0.0,0.0,0.0,6.47,5.83,6.03,8.45,5.24,4.65,10.21,6.02,9.53,10.36,10.46,9.46,12.48,60.81,5.54,5.44,2.8,2.69,2.31,3.28,2.19,2.25,4.83,3.37,3.78,4.28,4.01,55.3,2.74,7.72,59.76,9.09,8.41,0.29,2.62,11.12,0.37,,,,0.0,0.0,0.0,0.0,0.0,0.0,-6.0,-1.0,1.0,0.0
True,2021/6/30 22:00:12,,3930791026721030311,Equ1,2021/6/30 21:44:15,1.0,0.0,0.0,1313.0,0.0,0.0,0.0,0.0,456.58,501.63,511.8,468.82,459.71,456.11,1.08,6.62,4.05,0.0,1.5,1.08,116.97,123.13,168.74,166.42,167.06,120.63,555.73,606.32,613.92,566.89,559.28,555.27,8519.0,12.15,0.08,29254.19,26.87,1.51,1.99,13.48,1731.41,1940.61,1.0,1.0,-2.11,4.19,3.33,3.86,0.0,0.0,0.0,0.0,0.0,0.0,0.0,0.0,0.0,0.0,5.0,9.0,6.0,10.0,6.0,10.0,5.0,9.0,0.0,0.0,0.0,0.0,0.0,0.0,0.0,6.34,5.76,6.0,8.42,5.21,4.66,10.03,5.95,9.35,10.07,10.06,9.16,11.5,17.53,5.56,5.45,2.81,2.7,2.32,3.28,2.19,2.25,4.84,3.39,3.83,4.29,4.02,55.3,2.74,7.7,59.76,9.03,8.37,0.29,2.63,11.12,0.37,,,,0.0,0.0,0.0,0.0,0.0,0.0,-6.0,-1.0,1.0,0.0
True,2021/6/30 22:00:12,,3930791026721030312,Equ1,2021/6/30 21:44:20,1.0,0.0,0.0,1313.0,0.0,0.0,0.0,0.0,456.58,501.63,511.8,468.82,459.71,456.11,1.31,6.67,4.14,0.0,1.51,1.31,117.16,123.0,171.61,166.09,167.07,122.05,558.11,608.51,616.15,569.03,561.44,557.64,8682.61,11.95,0.08,29424.09,26.64,1.48,1.99,13.36,1736.26,1917.32,1.0,1.0,-2.12,4.2,3.34,3.87,0.0,0.0,0.0,0.0,0.0,0.0,0.0,0.0,0.0,0.0,5.0,9.0,6.0,10.0,6.0,10.0,5.0,9.0,0.0,0.0,0.0,0.0,0.0,0.0,0.0,6.17,5.69,5.94,8.37,5.17,4.65,9.87,5.89,9.18,9.81,9.76,8.95,10.95,13.83,63.12,5.43,2.8,2.69,2.32,3.28,2.19,2.25,4.84,3.39,3.8,4.31,4.02,55.3,2.74,7.68,59.77,8.98,8.34,0.28,2.65,11.03,0.37,,,,0.0,0.0,0.0,0.0,0.0,0.0,-6.0,-1.0,1.0,0.0
True,2021/6/30 22:00:12,,3930791026721030313,Equ1,2021/6/30 21:44:25,1.0,0.0,0.0,1313.0,0.0,0.0,0.0,0.0,456.58,501.63,511.8,468.82,459.71,456.11,1.06,6.72,4.27,0.0,1.49,1.06,116.61,122.14,170.91,166.57,166.44,120.54,560.16,610.87,618.59,571.34,563.72,559.69,8644.66,11.41,0.08,29201.1,26.87,1.42,1.99,13.49,1706.81,1938.15,1.0,1.0,-2.12,4.21,3.34,3.87,0.0,0.0,0.0,0.0,0.0,0.0,0.0,0.0,0.0,0.0,5.0,9.0,6.0,10.0,6.0,10.0,5.0,9.0,0.0,0.0,0.0,0.0,0.0,0.0,0.0,6.02,5.62,5.9,8.34,5.14,4.66,9.73,5.84,9.05,9.58,9.5,8.77,10.57,12.56,62.99,5.44,2.8,2.69,2.32,3.28,2.19,2.25,4.84,3.39,3.81,4.3,4.02,55.31,2.74,7.66,59.77,8.93,8.31,0.28,2.7,11.12,0.37,,,,0.0,0.0,0.0,0.0,0.0,0.0,-6.0,-1.0,1.0,0.0
True,2021/6/30 22:00:12,,3930791026721030314,Equ1,2021/6/30 21:44:30,1.0,0.0,0.0,1313.0,0.0,0.0,0.0,0.0,456.58,501.63,511.8,468.82,459.71,456.11,1.04,6.8,4.41,0.0,1.45,1.04,116.12,122.25,172.31,165.62,164.87,122.54,562.33,613.12,620.9,573.52,565.86,561.85,8657.48,11.56,0.08,29286.05,26.3,1.41,2.0,13.18,1691.55,1890.55,1.0,1.0,-2.12,4.23,3.36,3.89,0.0,0.0,0.0,0.0,0.0,0.0,0.0,0.0,0.0,0.0,5.0,9.0,6.0,10.0,6.0,10.0,5.0,9.0,0.0,0.0,0.0,0.0,0.0,0.0,0.0,5.9,5.57,5.85,8.31,5.12,4.66,9.59,5.8,8.92,9.38,9.27,8.63,10.3,11.86,21.77,56.16,2.81,2.7,2.32,3.28,2.19,2.25,4.84,3.39,3.81,4.27,4.0,55.31,2.75,7.64,59.77,8.89,8.29,0.28,2.77,11.12,0.37,,,,0.0,0.0,0.0,0.0,0.0,0.0,-6.0,-1.0,1.0,0.0
True,2021/6/30 22:00:12,,3930791026721030315,Equ1,2021/6/30 21:44:35,1.0,0.0,0.0,1313.0,0.0,0.0,0.0,0.0,456.58,501.63,511.8,468.82,459.71,456.11,1.09,6.91,4.53,0.0,1.47,1.09,118.63,122.51,175.32,166.74,166.12,123.15,564.45,615.31,623.1,575.59,567.96,563.98,8594.39,11.59,0.08,29583.37,26.26,1.41,2.0,13.16,1712.96,1809.53,1.0,1.0,-2.12,4.24,3.37,3.91,0.0,0.0,0.0,0.0,0.0,0.0,0.0,0.0,0.0,0.0,5.0,9.0,6.0,10.0,6.0,10.0,5.0,9.0,0.0,0.0,0.0,0.0,0.0,0.0,0.0,5.8,5.52,5.8,8.29,5.06,4.66,9.47,5.76,8.81,9.22,9.09,8.52,10.09,11.45,15.9,47.45,2.81,2.7,2.32,3.28,2.19,2.25,4.85,3.39,3.81,4.24,4.0,55.31,2.75,7.62,59.77,8.85,8.26,0.29,2.81,11.08,0.37,,,,0.0,0.0,0.0,0.0,0.0,0.0,-6.0,-1.0,1.0,0.0
True,2021/6/30 22:00:12,,3930791026721030316,Equ1,2021/6/30 21:44:40,1.0,0.0,0.0,1313.0,0.0,0.0,0.0,0.0,456.58,501.63,511.8,468.82,459.71,456.11,1.1,6.97,4.58,0.0,1.5,1.1,116.97,122.19,177.55,166.64,166.28,122.99,566.6,617.51,625.29,577.73,570.12,566.13,8569.26,12.41,0.07,29540.89,26.38,1.52,1.99,13.24,1760.71,1835.72,1.0,1.0,-2.12,4.25,3.39,3.92,0.0,0.0,0.0,0.0,0.0,0.0,0.0,0.0,0.0,0.0,5.0,9.0,6.0,10.0,6.0,10.0,5.0,9.0,0.0,0.0,0.0,0.0,0.0,0.0,0.0,5.72,5.46,5.77,8.27,5.05,4.68,9.35,5.73,8.7,9.08,8.92,8.43,9.92,11.15,14.18,17.27,2.91,2.7,2.32,3.28,2.19,2.25,4.84,3.39,3.82,4.25,4.03,55.32,2.75,7.6,59.77,8.81,8.23,0.28,2.84,11.1,0.37,,,,0.0,0.0,0.0,0.0,0.0,0.0,-6.0,-1.0,1.0,0.0
True,2021/6/30 22:00:12,,3930791026721030317,Equ1,2021/6/30 21:44:50,1.0,0.0,0.0,1313.0,0.0,0.0,0.0,0.0,456.58,501.63,511.8,468.82,459.71,456.11,1.09,6.92,4.72,0.0,1.52,1.09,116.83,122.51,179.28,167.3,170.02,125.58,570.22,621.1,629.06,581.36,573.78,569.75,8720.06,13.94,0.07,29870.07,25.19,1.63,1.99,12.63,1713.11,1904.01,1.0,1.0,-2.12,4.27,3.39,3.92,0.0,0.0,0.0,0.0,0.0,0.0,0.0,0.0,0.0,0.0,5.0,9.0,6.0,10.0,6.0,10.0,5.0,9.0,0.0,0.0,0.0,0.0,0.0,0.0,0.0,5.58,5.38,5.69,8.23,5.01,4.67,9.16,5.67,8.54,8.84,8.66,8.3,9.68,10.75,12.92,13.33,64.94,2.7,2.33,3.28,2.2,2.25,4.85,3.4,3.83,4.24,4.03,55.32,2.75,7.58,59.79,8.75,8.19,0.28,2.85,11.09,0.36,,,,0.0,0.0,0.0,0.0,0.0,0.0,-6.0,-1.0,1.0,0.0
True,2021/6/30 22:00:12,,3930791026721030318,Equ1,2021/6/30 21:44:55,1.0,0.0,0.0,1313.0,0.0,0.0,0.0,0.0,456.58,501.63,511.8,468.82,459.71,456.11,1.05,6.98,4.71,0.0,1.51,1.05,116.59,122.86,176.88,166.94,167.43,123.97,572.26,623.24,631.13,583.45,575.85,571.79,8720.06,12.37,0.08,29551.51,24.72,1.42,1.99,12.4,1754.12,1917.1,1.0,1.0,-2.12,4.28,3.4,3.93,0.0,0.0,0.0,0.0,0.0,0.0,0.0,0.0,0.0,0.0,5.0,9.0,6.0,10.0,6.0,10.0,5.0,9.0,0.0,0.0,0.0,0.0,0.0,0.0,0.0,5.52,5.34,5.65,8.22,4.98,4.67,9.11,5.64,8.46,8.73,8.54,8.24,9.58,10.6,12.51,12.6,26.16,67.44,2.33,3.28,2.19,2.25,4.85,3.4,3.83,4.23,4.03,55.33,2.75,7.56,59.78,8.72,8.17,0.29,2.89,11.1,0.36,,,,0.0,0.0,0.0,0.0,0.0,0.0,-6.0,-1.0,1.0,0.0
True,2021/6/30 22:00:12,,3930791026721030319,Equ1,2021/6/30 21:45:00,1.0,0.0,0.0,1313.0,0.0,0.0,0.0,0.0,456.58,501.63,511.8,468.82,459.71,456.11,1.07,7.03,4.73,0.0,1.54,1.07,116.59,122.96,173.91,166.7,167.8,123.96,574.26,625.26,633.13,585.42,577.85,573.79,8656.97,12.52,0.07,29583.37,24.32,1.41,1.99,12.19,1717.81,1965.06,1.0,1.0,-2.12,4.29,3.41,3.93,0.0,0.0,0.0,0.0,0.0,0.0,0.0,0.0,0.0,0.0,5.0,9.0,6.0,10.0,6.0,10.0,5.0,9.0,0.0,0.0,0.0,0.0,0.0,0.0,0.0,5.46,5.3,5.61,8.2,4.95,4.68,9.05,5.62,8.39,8.63,8.43,8.19,9.5,10.46,12.19,12.16,20.62,71.27,2.33,3.28,2.2,2.25,4.85,3.4,3.83,4.24,4.05,55.34,2.77,7.55,59.79,8.69,8.15,0.28,2.9,11.08,0.37,,,,0.0,0.0,0.0,0.0,0.0,0.0,-6.0,-1.0,1.0,0.0
True,2021/6/30 22:00:12,,3930791026721030320,Equ1,2021/6/30 21:45:05,1.0,0.0,0.0,1313.0,0.0,0.0,0.0,0.0,456.58,501.63,511.8,468.82,459.71,456.11,1.11,7.02,4.72,0.0,1.58,1.11,115.45,122.41,174.75,166.65,170.4,126.29,576.15,627.1,634.98,587.28,579.75,575.68,8631.84,12.89,0.07,29742.64,23.44,1.4,2.0,11.74,1683.23,1940.68,1.0,1.0,-2.12,4.3,3.41,3.94,0.0,0.0,0.0,0.0,0.0,0.0,0.0,0.0,0.0,0.0,5.0,9.0,6.0,10.0,6.0,10.0,5.0,9.0,0.0,0.0,0.0,0.0,0.0,0.0,0.0,5.42,5.27,5.58,8.18,4.92,4.69,8.96,5.61,8.32,8.54,8.33,8.16,9.42,10.36,11.95,11.83,18.43,49.39,49.83,3.28,2.19,2.25,4.85,3.4,3.84,4.25,4.05,55.34,2.79,7.54,59.78,8.65,8.14,0.28,2.91,11.06,0.37,,,,0.0,0.0,0.0,0.0,0.0,0.0,-6.0,-1.0,1.0,0.0
True,2021/6/30 22:00:12,,3930791026721030321,Equ1,2021/6/30 21:45:10,1.0,0.0,0.0,1313.0,0.0,0.0,0.0,0.0,456.58,501.63,511.8,468.82,459.71,456.11,1.13,7.07,4.76,0.0,1.59,1.13,116.17,122.9,173.39,166.68,168.69,125.06,577.99,628.97,636.84,589.1,581.58,577.52,8543.63,13.72,0.07,29583.37,23.12,1.47,1.99,11.6,1697.92,1961.95,1.0,1.0,-2.12,4.3,3.42,3.94,0.0,0.0,0.0,0.0,0.0,0.0,0.0,0.0,0.0,0.0,5.0,9.0,6.0,10.0,6.0,10.0,5.0,9.0,0.0,0.0,0.0,0.0,0.0,0.0,0.0,5.38,5.24,5.56,8.18,4.89,4.68,8.87,5.61,8.26,8.45,8.23,8.12,9.36,10.26,11.75,11.57,17.19,29.17,24.99,3.28,2.2,2.25,4.86,3.41,3.84,4.25,4.07,55.35,2.81,7.54,59.79,8.63,8.11,0.28,2.91,11.05,0.36,,,,0.0,0.0,0.0,0.0,0.0,0.0,-6.0,-1.0,1.0,0.0
True,2021/6/30 22:00:12,,3930791026721030322,Equ1,2021/6/30 21:45:15,1.0,0.0,0.0,1313.0,0.0,0.0,0.0,0.0,456.58,501.63,511.8,468.82,459.71,456.11,1.15,7.07,4.84,0.0,1.6,1.15,116.38,121.51,177.17,166.9,169.46,125.09,579.89,630.86,638.8,590.98,583.47,579.42,8644.66,14.81,0.06,29678.94,22.6,1.55,1.99,11.33,1729.53,1912.83,1.0,1.0,-2.12,4.31,3.42,3.95,0.0,0.0,0.0,0.0,0.0,0.0,0.0,0.0,0.0,0.0,5.0,9.0,6.0,10.0,6.0,10.0,5.0,9.0,0.0,0.0,0.0,0.0,0.0,0.0,0.0,5.34,5.22,5.53,8.16,4.87,4.69,8.78,5.58,8.21,8.37,8.14,8.09,9.31,10.17,11.59,11.35,16.3,23.3,16.42,56.86,2.19,2.25,4.86,3.41,3.84,4.25,4.07,55.35,2.81,7.52,59.75,8.59,8.1,0.29,2.91,11.09,0.37,,,,0.0,0.0,0.0,0.0,0.0,0.0,-6.0,-1.0,1.0,0.0
True,2021/6/30 22:00:12,,3930791026721030323,Equ1,2021/6/30 21:45:20,1.0,0.0,0.0,1313.0,0.0,0.0,0.0,0.0,456.58,501.63,511.8,468.82,459.71,456.11,1.12,7.11,4.93,0.0,1.59,1.12,116.83,122.24,181.31,166.94,170.1,125.36,581.77,632.81,640.8,592.89,585.37,581.3,8732.37,14.43,0.07,29870.07,22.41,1.5,2.0,11.23,1767.29,1842.16,1.0,1.0,-2.12,4.32,3.41,3.95,0.0,0.0,0.0,0.0,0.0,0.0,0.0,0.0,0.0,0.0,5.0,9.0,6.0,10.0,6.0,10.0,5.0,9.0,0.0,0.0,0.0,0.0,0.0,0.0,0.0,5.3,5.19,5.5,8.15,4.84,4.69,8.71,5.56,8.21,8.3,8.06,8.07,9.25,10.1,11.45,11.19,15.69,20.71,13.96,58.64,2.2,2.25,4.86,3.41,3.84,4.25,4.07,55.35,2.81,7.51,59.76,8.58,8.08,0.28,2.92,11.09,0.37,,,,0.0,0.0,0.0,0.0,0.0,0.0,-6.0,-1.0,1.0,0.0
True,2021/6/30 22:00:12,,3930791026721030324,Equ1,2021/6/30 21:45:25,1.0,0.0,0.0,1313.0,0.0,0.0,0.0,0.0,456.58,501.63,511.8,468.82,459.71,456.11,1.07,7.14,4.99,0.0,1.57,1.07,115.73,122.56,179.79,167.13,167.85,123.31,583.9,635.02,643.04,595.07,587.54,583.43,8707.24,12.69,0.07,29668.32,23.59,1.39,1.99,11.84,1708.55,1826.97,1.0,1.0,-2.12,4.32,3.43,3.95,0.0,0.0,0.0,0.0,0.0,0.0,0.0,0.0,0.0,0.0,5.0,9.0,6.0,10.0,6.0,10.0,5.0,9.0,0.0,0.0,0.0,0.0,0.0,0.0,0.0,5.27,5.17,5.48,8.14,4.82,4.7,8.63,5.53,8.17,8.21,7.99,8.04,9.21,10.04,11.32,11.05,15.24,19.12,12.69,54.81,62.57,2.25,4.86,3.42,3.85,4.26,4.08,55.36,2.81,7.49,59.76,8.56,8.07,0.28,2.98,11.02,0.37,,,,0.0,0.0,0.0,0.0,0.0,0.0,-6.0,-1.0,1.0,0.0
True,2021/6/30 22:00:12,,3930791026721030325,Equ1,2021/6/30 21:45:30,1.0,0.0,0.0,1313.0,0.0,0.0,0.0,0.0,456.58,501.63,511.8,468.82,459.71,456.11,1.01,7.12,5.01,0.0,1.61,1.01,116.15,122.51,180.05,166.59,172.66,122.37,586.06,637.22,645.28,597.28,589.79,585.59,8682.11,13.45,0.07,29806.36,25.17,1.57,1.99,12.64,1702.91,1966.36,1.0,1.0,-2.12,4.33,3.43,3.96,0.0,0.0,0.0,0.0,0.0,0.0,0.0,0.0,0.0,0.0,5.0,9.0,6.0,10.0,6.0,10.0,5.0,9.0,0.0,0.0,0.0,0.0,0.0,0.0,0.0,5.24,5.14,5.46,8.12,4.8,4.7,8.55,5.5,8.14,8.15,7.92,8.02,9.18,9.99,11.22,10.93,14.85,18.03,11.87,26.12,66.55,2.25,4.86,3.42,3.85,4.26,4.09,55.36,2.82,7.49,59.8,8.55,8.06,0.28,3.03,11.03,0.37,,,,0.0,0.0,0.0,0.0,0.0,0.0,-6.0,-1.0,1.0,0.0
True,2021/6/30 22:00:12,,3930791026721030326,Equ1,2021/6/30 21:45:35,1.0,0.0,0.0,1313.0,0.0,0.0,0.0,0.0,456.58,501.63,511.8,468.82,459.71,456.11,1.06,7.13,5.06,0.0,1.67,1.06,116.31,122.6,181.68,166.52,176.56,123.31,588.34,639.45,647.55,599.51,592.08,587.86,8682.11,12.4,0.08,30061.2,25.85,1.49,2.0,12.96,1705.22,1878.76,1.0,1.0,-2.12,4.33,3.44,3.97,0.0,0.0,0.0,0.0,0.0,0.0,0.0,0.0,0.0,0.0,5.0,9.0,6.0,10.0,6.0,10.0,5.0,9.0,0.0,0.0,0.0,0.0,0.0,0.0,0.0,5.22,5.13,5.44,8.12,4.78,4.7,8.48,5.49,8.1,8.1,7.85,8.0,9.14,9.94,11.12,10.78,14.55,17.21,11.33,20.27,30.12,2.26,4.87,3.43,3.86,4.26,4.09,55.37,2.84,7.48,59.83,8.54,8.05,0.29,3.03,11.07,0.36,,,,0.0,0.0,0.0,0.0,0.0,0.0,-6.0,-1.0,1.0,0.0
True,2021/6/30 22:00:12,,3930791026721030327,Equ1,2021/6/30 21:45:40,1.0,0.0,0.0,1313.0,0.0,0.0,0.0,0.0,456.58,501.63,511.8,468.82,459.71,456.11,1.0,7.14,5.11,0.0,1.66,1.0,115.6,122.25,181.12,166.87,175.78,122.82,590.49,641.67,649.81,601.72,594.28,590.02,8656.97,13.59,0.07,29965.64,26.59,1.68,1.99,13.34,1661.53,1848.81,1.0,1.0,-2.12,4.34,3.43,3.97,0.0,0.0,0.0,0.0,0.0,0.0,0.0,0.0,0.0,0.0,5.0,9.0,6.0,10.0,6.0,10.0,5.0,9.0,0.0,0.0,0.0,0.0,0.0,0.0,0.0,5.19,5.1,5.41,8.11,4.76,4.7,8.41,5.46,8.03,8.02,7.97,7.98,9.11,9.89,11.04,10.67,14.29,16.53,10.92,17.7,21.96,60.83,4.85,3.43,3.85,4.25,4.09,55.37,2.84,7.47,59.84,8.51,8.12,0.28,3.03,11.09,0.36,,,,0.0,0.0,0.0,0.0,0.0,0.0,-6.0,-1.0,1.0,0.0
True,2021/6/30 22:00:12,,3930791026721030409,Equ1,2021/6/30 21:52:30,1.0,0.0,0.0,1313.0,0.0,0.0,0.0,0.0,456.58,501.63,511.8,468.82,459.71,456.11,0.63,4.64,4.8,0.0,1.57,0.63,112.47,13.15,168.74,158.8,159.06,109.51,592.22,641.28,651.61,603.83,596.29,591.75,6918.79,0.0,0.0,24412.12,2.97,0.32,1.96,1.52,1738.21,1761.94,1.0,1.0,-2.12,4.37,3.57,4.0,0.0,0.0,0.0,0.0,0.0,0.0,0.0,0.0,0.0,0.0,5.0,9.0,6.0,10.0,6.0,10.0,5.0,9.0,0.0,0.0,0.0,0.0,0.0,0.0,0.0,4.83,4.84,4.84,7.71,4.42,5.03,6.39,5.08,6.77,6.57,6.57,7.42,7.95,7.98,9.18,8.86,10.31,9.86,7.24,9.02,8.67,7.76,57.27,3.61,4.04,4.39,4.39,55.83,3.23,7.09,60.27,7.82,7.69,0.28,3.27,11.23,0.36,,,,0.0,0.0,0.0,0.0,0.0,0.0,-6.0,-1.0,1.0,0.0
True,2021/6/30 22:00:12,,3930791026721030413,Equ1,2021/6/30 21:52:50,1.0,0.0,0.0,1313.0,0.0,0.0,0.0,0.0,456.58,501.63,511.8,468.82,459.71,456.11,0.15,5.6,4.73,0.22,1.5,0.0,109.46,92.2,169.82,168.32,160.58,105.14,595.18,645.67,654.97,607.48,599.65,594.55,6956.74,7.28,0.1,27427.79,11.89,0.41,1.96,6.07,1682.15,1796.44,1.0,1.0,-2.12,4.38,3.56,3.99,0.0,0.0,0.0,0.0,0.0,0.0,0.0,0.0,0.0,0.0,5.0,9.0,6.0,10.0,6.0,10.0,5.0,9.0,0.0,0.0,0.0,0.0,0.0,0.0,0.0,4.81,4.81,4.83,7.69,4.4,5.03,6.34,5.08,6.75,6.55,6.55,7.4,7.93,7.95,9.14,8.83,10.26,9.81,7.2,8.98,8.62,7.73,10.67,51.05,4.07,4.38,4.38,55.85,3.25,7.08,60.28,7.8,7.68,0.28,3.54,11.53,0.36,,,,0.0,0.0,0.0,0.0,0.0,0.0,-6.0,-1.0,1.0,0.0
True,2021/6/30 22:00:12,,3930791026721030414,Equ1,2021/6/30 21:52:55,1.0,0.0,0.0,1313.0,0.0,0.0,0.0,0.0,456.58,501.63,511.8,468.82,459.71,456.11,0.0,6.06,4.98,0.41,1.7,0.0,109.68,105.25,173.0,168.84,167.42,102.69,597.33,648.44,657.52,609.98,602.16,596.86,7321.92,7.1,0.11,28107.38,17.84,0.6,1.96,9.1,1717.88,1817.2,1.0,1.0,-2.12,4.39,3.56,3.99,0.0,0.0,0.0,0.0,0.0,0.0,0.0,0.0,0.0,0.0,5.0,9.0,6.0,10.0,6.0,10.0,5.0,9.0,0.0,0.0,0.0,0.0,0.0,0.0,0.0,4.81,4.81,4.82,7.69,4.4,5.03,6.34,5.08,6.75,6.55,6.53,7.4,7.93,7.94,9.13,8.82,10.24,9.79,7.19,8.96,8.6,7.72,10.35,49.75,4.07,4.39,4.38,55.86,3.25,7.08,60.28,7.8,7.67,0.28,3.58,11.52,0.36,,,,0.0,0.0,0.0,0.0,0.0,0.0,-6.0,-1.0,1.0,0.0
True,2021/6/30 22:00:12,,3930791026721030415,Equ1,2021/6/30 21:53:00,1.0,0.0,0.0,1313.0,0.0,0.0,0.0,0.0,456.58,501.63,511.8,468.82,459.71,456.11,0.0,6.46,5.32,0.51,1.84,0.0,109.3,118.65,175.35,168.78,174.12,100.67,599.61,651.12,660.15,612.36,604.59,599.15,7763.0,5.83,0.14,28744.5,26.84,0.74,1.96,13.7,1759.91,1789.86,1.0,1.0,-2.12,4.4,3.57,4.0,0.0,0.0,0.0,0.0,0.0,0.0,0.0,0.0,0.0,0.0,5.0,9.0,6.0,10.0,6.0,10.0,5.0,9.0,0.0,0.0,0.0,0.0,0.0,0.0,0.0,4.81,4.82,4.83,7.69,4.4,5.03,6.33,5.08,6.75,6.53,6.53,7.4,7.95,7.91,9.12,8.81,10.24,9.78,7.19,8.95,8.59,7.71,9.97,17.71,59.25,4.39,4.38,55.86,3.26,7.08,60.28,7.8,7.67,0.28,3.63,11.53,0.36,,,,0.0,0.0,0.0,0.0,0.0,0.0,-6.0,-1.0,1.0,0.0
True,2021/6/30 22:00:12,,3930791026721030416,Equ1,2021/6/30 21:53:05,1.0,0.0,0.0,1313.0,0.0,0.0,0.0,0.0,456.58,501.63,511.8,468.82,459.71,456.11,0.0,6.87,5.59,0.58,1.92,0.0,111.24,125.54,177.2,168.46,177.92,99.8,601.95,653.86,662.75,614.76,607.0,601.48,8065.6,5.97,0.15,29179.86,31.61,0.89,1.96,16.13,1708.33,1781.4,1.0,1.0,-2.12,4.41,3.57,4.0,0.0,0.0,0.0,0.0,0.0,0.0,0.0,0.0,0.0,0.0,5.0,9.0,6.0,10.0,6.0,10.0,5.0,9.0,0.0,0.0,0.0,0.0,0.0,0.0,0.0,4.81,4.83,4.86,7.7,4.4,5.03,6.31,5.07,6.74,6.53,6.53,7.4,7.94,7.95,9.12,8.81,10.23,9.77,7.18,8.94,8.58,7.71,9.75,13.27,20.1,4.4,4.39,55.87,3.26,7.08,60.29,7.8,7.67,0.28,3.71,11.43,0.36,,,,0.0,0.0,0.0,0.0,0.0,0.0,-6.0,-1.0,1.0,0.0
True,2021/6/30 22:00:12,,3930791026721030417,Equ1,2021/6/30 21:53:10,1.0,0.0,0.0,1313.0,0.0,0.0,0.0,0.0,456.58,501.63,511.8,468.82,459.71,456.11,0.0,6.87,5.6,0.61,2.01,0.0,113.24,125.35,182.57,169.36,183.67,100.64,604.17,656.08,664.98,617.01,609.3,603.7,8279.98,8.26,0.11,29668.31,29.45,1.15,1.96,15.04,1720.63,1797.89,1.0,1.0,-2.12,4.41,3.57,4.01,0.0,0.0,0.0,0.0,0.0,0.0,0.0,0.0,0.0,0.0,5.0,9.0,6.0,10.0,6.0,10.0,5.0,9.0,0.0,0.0,0.0,0.0,0.0,0.0,0.0,4.8,4.84,4.85,7.74,4.38,5.03,6.3,5.07,6.74,6.53,6.52,7.39,7.93,7.96,9.22,8.8,10.21,9.74,7.17,8.94,8.57,7.7,9.61,11.6,14.17,62.54,4.37,55.87,3.26,7.08,60.3,7.79,7.67,0.28,3.73,11.51,0.36,,,,0.0,0.0,0.0,0.0,0.0,0.0,-6.0,-1.0,1.0,0.0
True,2021/6/30 22:00:12,,3930791026721030418,Equ1,2021/6/30 21:53:15,1.0,0.0,0.0,1313.0,0.0,0.0,0.0,0.0,456.58,501.63,511.8,468.82,459.71,456.11,0.0,6.82,5.74,0.6,2.02,0.0,113.09,125.0,187.59,169.36,185.94,104.95,605.86,657.73,666.82,618.7,611.01,605.39,8594.39,9.29,0.1,30018.73,28.28,1.24,1.96,14.43,1715.71,1778.79,1.0,1.0,-2.12,4.41,3.57,4.0,0.0,0.0,0.0,0.0,0.0,0.0,0.0,0.0,0.0,0.0,5.0,9.0,6.0,10.0,6.0,10.0,5.0,9.0,0.0,0.0,0.0,0.0,0.0,0.0,0.0,4.8,4.83,4.85,7.75,4.38,5.03,6.29,5.07,6.73,6.52,6.52,7.38,7.92,7.97,9.2,8.8,10.21,9.72,7.16,8.93,8.56,7.7,9.5,10.8,12.61,61.08,4.36,55.88,3.26,7.08,60.3,7.78,7.66,0.28,3.75,11.45,0.36,,,,0.0,0.0,0.0,0.0,0.0,0.0,-6.0,-1.0,1.0,0.0
True,2021/6/30 22:00:12,,3930791026721030419,Equ1,2021/6/30 21:53:20,1.0,0.0,0.0,1313.0,0.0,0.0,0.0,0.0,456.58,501.63,511.8,468.82,459.71,456.11,0.0,6.84,5.73,0.63,2.05,0.0,112.33,124.57,187.18,168.71,185.84,107.0,608.04,659.92,668.98,620.9,613.22,607.57,8657.48,10.19,0.09,30018.73,27.4,1.32,1.96,13.98,1704.21,1762.52,1.0,1.0,-2.12,4.41,3.57,4.0,0.0,0.0,0.0,0.0,0.0,0.0,0.0,0.0,0.0,0.0,5.0,9.0,6.0,10.0,6.0,10.0,5.0,9.0,0.0,0.0,0.0,0.0,0.0,0.0,0.0,4.8,4.84,4.85,7.75,4.38,5.03,6.28,5.06,6.72,6.5,6.52,7.38,7.91,7.98,9.14,8.67,10.2,9.7,7.16,8.92,8.55,7.69,9.37,10.21,11.55,24.85,55.78,55.89,3.27,7.07,60.3,7.78,7.66,0.28,3.8,11.44,0.36,,,,0.0,0.0,0.0,0.0,0.0,0.0,-6.0,-1.0,1.0,0.0
True,2021/6/30 22:00:12,,3930791026721030420,Equ1,2021/6/30 21:53:25,1.0,0.0,0.0,1313.0,0.0,0.0,0.0,0.0,456.58,501.63,511.8,468.82,459.71,456.11,0.0,6.89,5.83,0.58,2.01,0.0,112.63,124.88,185.63,169.07,185.11,108.15,610.09,662.03,671.14,622.91,615.24,609.62,8695.43,11.08,0.08,30018.73,25.98,1.36,1.96,13.26,1665.65,1937.43,1.0,1.0,-2.12,4.4,3.57,4.0,0.0,0.0,0.0,0.0,0.0,0.0,0.0,0.0,0.0,0.0,5.0,9.0,6.0,10.0,6.0,10.0,5.0,9.0,0.0,0.0,0.0,0.0,0.0,0.0,0.0,4.79,4.85,4.85,7.75,4.37,5.04,6.27,5.05,6.71,6.49,6.51,7.37,7.91,7.99,9.1,8.72,10.2,9.69,7.15,8.91,8.55,7.69,9.25,9.81,10.95,13.7,57.89,55.89,3.28,7.07,60.3,7.78,7.66,0.28,3.83,11.4,0.36,,,,0.0,0.0,0.0,0.0,0.0,0.0,-6.0,-1.0,1.0,0.0
True,2021/6/30 22:00:12,,3930791026721030421,Equ1,2021/6/30 21:53:30,1.0,0.0,0.0,1313.0,0.0,0.0,0.0,0.0,456.58,501.63,511.8,468.82,459.71,456.11,0.0,6.88,5.83,0.56,2.01,0.0,113.15,125.25,185.98,169.88,185.65,109.77,612.22,664.14,673.26,625.02,617.36,611.75,8732.88,11.56,0.08,30188.63,25.19,1.37,1.96,12.85,1720.85,1749.64,1.0,1.0,-2.12,4.39,3.56,3.99,0.0,0.0,0.0,0.0,0.0,0.0,0.0,0.0,0.0,0.0,5.0,9.0,6.0,10.0,6.0,10.0,5.0,9.0,0.0,0.0,0.0,0.0,0.0,0.0,0.0,4.79,4.85,4.84,7.74,4.36,5.04,6.26,5.04,6.7,6.48,6.5,7.37,7.91,8.0,9.09,8.73,10.19,9.66,7.15,8.91,8.54,7.69,9.17,9.49,10.53,11.69,55.72,58.68,3.28,7.07,60.3,7.77,7.66,0.28,3.84,11.43,0.36,,,,0.0,0.0,0.0,0.0,0.0,0.0,-6.0,-1.0,1.0,0.0
True,2021/6/30 22:00:12,,3930791026721030422,Equ1,2021/6/30 21:53:35,1.0,0.0,0.0,1313.0,0.0,0.0,0.0,0.0,456.58,501.63,511.8,468.82,459.71,456.11,0.0,6.91,5.85,0.61,2.06,0.0,113.76,124.91,188.3,169.76,186.3,108.43,614.53,666.49,675.6,627.38,619.72,614.06,8707.74,11.54,0.08,30188.63,26.46,1.44,1.96,13.51,1669.49,1824.58,1.0,1.0,-2.12,4.39,3.56,3.99,0.0,0.0,0.0,0.0,0.0,0.0,0.0,0.0,0.0,0.0,5.0,9.0,6.0,10.0,6.0,10.0,5.0,9.0,0.0,0.0,0.0,0.0,0.0,0.0,0.0,4.78,4.84,4.84,7.74,4.35,5.04,6.24,5.03,6.69,6.46,6.5,7.36,7.9,8.0,9.09,8.74,10.19,9.65,7.14,8.89,8.54,7.68,9.07,9.26,10.21,10.7,49.2,59.64,3.28,7.07,60.3,7.77,7.66,0.28,3.85,11.3,0.36,,,,0.0,0.0,0.0,0.0,0.0,0.0,-6.0,-1.0,1.0,0.0
True,2021/6/30 22:00:12,,3930791026721030427,Equ1,2021/6/30 21:54:00,1.0,0.0,0.0,1313.0,0.0,0.0,0.0,0.0,456.58,501.63,511.8,468.82,459.71,456.11,0.0,7.2,6.26,0.92,2.29,0.0,110.68,120.85,180.64,168.68,180.34,95.73,619.5,671.74,680.97,632.65,624.91,619.03,8279.48,17.16,0.05,29094.91,11.75,0.95,1.96,6.0,1666.52,1818.29,1.0,1.0,-2.12,4.35,3.54,3.96,0.0,0.0,0.0,0.0,0.0,0.0,0.0,0.0,0.0,0.0,5.0,9.0,6.0,10.0,6.0,10.0,5.0,9.0,0.0,0.0,0.0,0.0,0.0,0.0,0.0,4.75,4.84,4.84,7.73,4.37,5.06,6.16,4.95,6.61,6.38,6.45,7.34,7.89,8.02,9.07,8.83,10.2,9.58,7.11,8.87,8.51,7.68,8.41,8.6,9.35,9.0,11.96,62.23,72.72,7.05,60.32,7.74,7.66,0.27,4.0,11.43,0.36,,,,0.0,0.0,0.0,0.0,0.0,0.0,-6.0,-1.0,1.0,0.0
True,2021/6/30 22:00:12,,3930791026721030428,Equ1,2021/6/30 21:54:05,1.0,0.0,0.0,1313.0,0.0,0.0,0.0,0.0,456.58,501.63,511.8,468.82,459.71,456.11,0.0,7.42,6.48,1.01,2.39,0.0,111.78,123.73,183.42,168.62,183.88,94.13,621.72,674.19,683.42,634.97,627.24,621.25,8304.61,12.89,0.07,29413.47,17.35,1.05,1.96,8.85,1660.45,1786.1,1.0,1.0,-2.12,4.36,3.55,3.97,0.0,0.0,0.0,0.0,0.0,0.0,0.0,0.0,0.0,0.0,5.0,9.0,6.0,10.0,6.0,10.0,5.0,9.0,0.0,0.0,0.0,0.0,0.0,0.0,0.0,4.74,4.84,4.84,7.74,4.36,5.08,6.15,4.94,6.6,6.37,6.44,7.33,7.88,8.02,9.07,8.83,10.2,9.59,7.11,8.87,8.52,7.67,8.29,8.51,9.25,8.83,11.51,62.56,42.93,7.06,60.34,7.74,7.64,0.28,4.09,11.45,0.36,,,,0.0,0.0,0.0,0.0,0.0,0.0,-6.0,-1.0,1.0,0.0
True,2021/6/30 22:00:12,,3930791026721030429,Equ1,2021/6/30 21:54:10,1.0,0.0,0.0,1313.0,0.0,0.0,0.0,0.0,456.58,501.63,511.8,468.82,459.71,456.11,0.0,7.47,6.49,1.01,2.38,0.0,110.98,124.19,183.97,168.59,183.64,94.47,623.89,676.41,685.59,637.13,629.39,623.42,8304.61,9.04,0.1,29381.61,24.61,1.05,1.96,12.55,1697.48,1820.24,1.0,1.0,-2.12,4.37,3.55,3.97,0.0,0.0,0.0,0.0,0.0,0.0,0.0,0.0,0.0,0.0,5.0,9.0,6.0,10.0,6.0,10.0,5.0,9.0,0.0,0.0,0.0,0.0,0.0,0.0,0.0,4.73,4.83,4.84,7.73,4.37,5.08,6.13,4.93,6.59,6.34,6.42,7.33,7.88,8.02,9.07,8.82,10.2,9.58,7.12,8.88,8.51,7.67,8.18,8.43,9.16,8.67,11.2,62.72,28.48,57.54,60.28,7.73,7.64,0.28,4.13,11.45,0.36,,,,0.0,0.0,0.0,0.0,0.0,0.0,-6.0,-1.0,1.0,0.0
True,2021/6/30 22:00:12,,3930791026721030430,Equ1,2021/6/30 21:54:15,1.0,0.0,0.0,1313.0,0.0,0.0,0.0,0.0,456.58,501.63,511.8,468.82,459.71,456.11,0.0,7.35,6.51,0.95,2.33,0.0,112.89,124.51,187.92,169.39,187.08,98.47,625.94,678.33,687.66,639.12,631.39,625.47,8619.53,8.82,0.11,29870.07,27.32,1.14,1.96,13.94,1719.11,1795.21,1.0,1.0,-2.12,4.38,3.56,3.98,0.0,0.0,0.0,0.0,0.0,0.0,0.0,0.0,0.0,0.0,5.0,9.0,6.0,10.0,6.0,10.0,5.0,9.0,0.0,0.0,0.0,0.0,0.0,0.0,0.0,4.72,4.82,4.84,7.73,4.37,5.08,6.12,4.9,6.57,6.32,6.39,7.32,7.88,8.02,9.07,8.82,10.2,9.57,7.12,8.88,8.51,7.67,8.09,8.36,9.07,8.53,10.94,62.78,23.61,55.43,60.28,7.73,7.63,0.28,4.15,11.41,0.36,,,,0.0,0.0,0.0,0.0,0.0,0.0,-6.0,-1.0,1.0,0.0
True,2021/6/30 22:00:12,,3930791026721030431,Equ1,2021/6/30 21:54:20,1.0,0.0,0.0,1313.0,0.0,0.0,0.0,0.0,456.58,501.63,511.8,468.82,459.71,456.11,0.0,7.37,6.57,0.98,2.36,0.0,112.43,122.8,189.41,169.92,186.89,102.62,627.86,680.27,689.64,641.07,633.34,627.39,8795.46,10.07,0.09,29923.16,24.97,1.19,1.96,12.74,1675.64,1807.58,1.0,1.0,-2.12,4.39,3.56,3.99,0.0,0.0,0.0,0.0,0.0,0.0,0.0,0.0,0.0,0.0,5.0,9.0,6.0,10.0,6.0,10.0,5.0,9.0,0.0,0.0,0.0,0.0,0.0,0.0,0.0,4.71,4.8,4.83,7.73,4.36,5.08,6.11,4.88,6.55,6.31,6.38,7.31,7.88,8.02,9.07,8.81,10.2,9.57,7.12,8.88,8.51,7.66,8.02,8.29,9.0,8.4,10.72,62.89,21.1,29.17,71.88,7.72,7.63,0.28,4.19,11.44,0.36,,,,0.0,0.0,0.0,0.0,0.0,0.0,-6.0,-1.0,1.0,0.0
True,2021/6/30 22:00:12,,3930791026721030432,Equ1,2021/6/30 21:54:25,1.0,0.0,0.0,1313.0,0.0,0.0,0.0,0.0,456.58,501.63,511.8,468.82,459.71,456.11,0.0,7.32,6.49,0.91,2.33,0.0,111.59,123.28,188.98,169.3,187.96,105.8,629.45,681.82,691.15,642.6,634.91,628.98,8795.46,11.82,0.08,30050.58,23.44,1.31,1.96,11.95,1672.31,1765.91,1.0,1.0,-2.12,4.39,3.57,3.99,0.0,0.0,0.0,0.0,0.0,0.0,0.0,0.0,0.0,0.0,5.0,9.0,6.0,10.0,6.0,10.0,5.0,9.0,0.0,0.0,0.0,0.0,0.0,0.0,0.0,4.7,4.8,4.83,7.73,4.37,5.09,6.09,4.87,6.54,6.3,6.37,7.31,7.88,8.02,9.07,8.81,10.2,9.57,7.12,8.88,8.52,7.67,7.96,8.25,8.95,8.32,10.57,62.99,19.94,16.34,78.82,7.73,7.63,0.27,4.22,11.48,0.36,,,,0.0,0.0,0.0,0.0,0.0,0.0,-6.0,-1.0,1.0,0.0
True,2021/6/30 22:00:12,,3930791026721030433,Equ1,2021/6/30 21:54:30,1.0,0.0,0.0,1313.0,0.0,0.0,0.0,0.0,456.58,501.63,511.8,468.82,459.71,456.11,0.0,7.12,6.34,0.66,2.1,0.0,112.07,124.23,189.31,168.2,188.3,109.49,631.49,683.65,693.04,644.39,636.72,631.02,8883.67,12.41,0.08,30135.53,22.69,1.33,1.96,11.58,1714.63,1823.21,1.0,1.0,-2.12,4.39,3.57,3.99,0.0,0.0,0.0,0.0,0.0,0.0,0.0,0.0,0.0,0.0,5.0,9.0,6.0,10.0,6.0,10.0,5.0,9.0,0.0,0.0,0.0,0.0,0.0,0.0,0.0,4.7,4.8,4.83,7.72,4.37,5.09,6.08,4.86,6.53,6.28,6.35,7.31,7.88,8.03,9.07,8.82,10.2,9.56,7.12,8.89,8.52,7.66,7.91,8.2,8.89,8.22,10.41,63.1,18.95,13.11,76.09,7.73,7.63,0.28,4.22,11.45,0.36,,,,0.0,0.0,0.0,0.0,0.0,0.0,-6.0,-1.0,1.0,0.0
True,2021/6/30 22:00:12,,3930791026721030434,Equ1,2021/6/30 21:54:35,1.0,0.0,0.0,1313.0,0.0,0.0,0.0,0.0,456.58,501.63,511.8,468.82,459.71,456.11,0.0,7.22,6.47,0.75,2.24,0.0,112.3,123.96,188.53,168.24,187.76,110.5,633.34,685.61,695.03,646.33,638.71,632.87,8783.14,13.51,0.07,30199.25,22.68,1.45,1.96,11.58,1741.9,1866.03,1.0,1.0,-2.12,4.4,3.57,3.99,0.0,0.0,0.0,0.0,0.0,0.0,0.0,0.0,0.0,0.0,5.0,9.0,6.0,10.0,6.0,10.0,5.0,9.0,0.0,0.0,0.0,0.0,0.0,0.0,0.0,4.69,4.79,4.83,7.71,4.36,5.09,6.06,4.84,6.5,6.25,6.34,7.31,7.87,8.02,9.06,8.82,10.2,9.54,7.12,8.88,8.54,7.67,7.86,8.15,8.83,8.13,10.24,63.22,18.19,11.7,74.96,71.5,7.63,0.28,4.21,11.4,0.36,,,,0.0,0.0,0.0,0.0,0.0,0.0,-6.0,-1.0,1.0,0.0
True,2021/6/30 22:00:12,,3930791026721030435,Equ1,2021/6/30 21:54:40,1.0,0.0,0.0,1313.0,0.0,0.0,0.0,0.0,456.58,501.63,511.8,468.82,459.71,456.11,0.0,7.2,6.39,0.68,2.21,0.0,111.82,123.13,188.9,168.2,187.12,111.04,635.35,687.6,696.96,648.27,640.7,634.89,8795.46,14.01,0.07,30103.68,22.42,1.48,1.96,11.43,1707.46,1774.67,1.0,1.0,-2.12,4.4,3.57,4.0,0.0,0.0,0.0,0.0,0.0,0.0,0.0,0.0,0.0,0.0,5.0,9.0,6.0,10.0,6.0,10.0,5.0,9.0,0.0,0.0,0.0,0.0,0.0,0.0,0.0,4.68,4.79,4.81,7.71,4.36,5.09,6.04,4.83,6.49,6.24,6.32,7.3,7.87,8.02,9.06,8.81,10.2,9.54,7.12,8.87,8.55,7.66,7.82,8.12,8.78,8.05,10.12,63.36,17.58,10.99,74.51,69.86,7.63,0.28,4.21,11.46,0.36,,,,0.0,0.0,0.0,0.0,0.0,0.0,-6.0,-1.0,1.0,0.0
True,2021/6/30 22:00:12,,3930791026721030436,Equ1,2021/6/30 21:54:45,1.0,0.0,0.0,1313.0,0.0,0.0,0.0,0.0,456.58,501.63,511.8,468.82,459.71,456.11,0.0,7.24,6.45,0.86,2.28,0.0,110.21,122.86,186.56,174.06,184.97,109.01,637.43,689.72,699.1,650.53,642.85,636.97,8933.94,12.25,0.08,30135.53,23.62,1.36,1.96,12.04,1687.57,915.65,1.0,1.0,-2.11,4.4,3.58,4.0,0.0,0.0,0.0,0.0,0.0,0.0,0.0,0.0,0.0,0.0,5.0,9.0,6.0,10.0,6.0,10.0,5.0,9.0,0.0,0.0,0.0,0.0,0.0,0.0,0.0,4.66,4.77,4.81,7.71,4.36,5.09,6.02,4.81,6.49,6.24,6.34,7.29,7.86,8.02,9.06,8.81,10.2,9.54,7.12,8.88,8.55,7.85,7.78,8.08,8.73,7.97,10.01,63.48,17.13,10.41,74.28,34.96,64.12,0.28,4.22,11.46,0.36,,,,0.0,0.0,0.0,0.0,0.0,0.0,-6.0,-1.0,1.0,0.0
True,2021/6/30 22:00:12,,3930791026721030437,Equ1,2021/6/30 21:54:50,1.0,0.0,0.0,1313.0,0.0,0.0,0.0,0.0,456.58,501.63,511.8,468.82,459.71,456.11,0.0,7.32,6.65,1.03,2.42,0.0,112.49,124.33,187.41,174.77,185.85,106.47,639.57,691.93,701.43,652.84,645.12,639.1,9047.29,11.81,0.08,30209.86,24.55,1.37,1.96,12.52,1693.36,1938.15,1.0,1.0,-2.11,4.41,3.57,4.0,0.0,0.0,0.0,0.0,0.0,0.0,0.0,0.0,0.0,0.0,5.0,9.0,6.0,10.0,6.0,10.0,5.0,9.0,0.0,0.0,0.0,0.0,0.0,0.0,0.0,4.65,4.76,4.8,7.71,4.36,5.1,6.01,4.81,6.48,6.24,6.35,7.29,7.86,8.02,9.05,8.81,10.2,9.53,7.12,8.89,8.56,7.83,7.75,8.04,8.69,7.91,9.89,63.59,16.78,9.99,74.11,22.71,62.78,0.28,4.26,11.42,0.36,,,,0.0,0.0,0.0,0.0,0.0,0.0,-6.0,-1.0,1.0,0.0
True,2021/6/30 22:00:12,,3930791026721030438,Equ1,2021/6/30 21:54:55,1.0,0.0,0.0,1313.0,0.0,0.0,0.0,0.0,456.58,501.63,511.8,468.82,459.71,456.11,0.0,7.42,6.74,1.1,2.47,0.0,110.82,124.28,186.79,174.93,185.76,104.66,641.7,694.16,703.66,655.03,647.3,641.23,8883.67,11.82,0.08,30146.15,25.66,1.43,1.96,13.09,1706.67,2000.0,1.0,1.0,-2.11,4.4,3.57,4.0,0.0,0.0,0.0,0.0,0.0,0.0,0.0,0.0,0.0,0.0,5.0,9.0,6.0,10.0,6.0,10.0,5.0,9.0,0.0,0.0,0.0,0.0,0.0,0.0,0.0,4.65,4.75,4.8,7.7,4.36,5.1,6.0,4.8,6.47,6.21,6.34,7.29,7.86,8.02,9.05,8.81,10.2,9.53,7.13,8.89,8.56,7.77,7.73,8.01,8.65,7.84,9.79,63.72,16.48,9.69,74.02,18.72,33.34,0.28,4.32,11.39,0.36,,,,0.0,0.0,0.0,0.0,0.0,0.0,-6.0,-1.0,1.0,0.0
True,2021/6/30 22:00:12,,3930791026721030439,Equ1,2021/6/30 21:55:00,1.0,0.0,0.0,1313.0,0.0,0.0,0.0,0.0,456.58,501.63,511.8,468.82,459.71,456.11,0.0,7.38,6.81,1.08,2.48,0.0,110.88,123.44,187.51,174.25,186.11,105.99,643.68,696.1,705.7,657.0,649.29,643.21,8933.94,12.09,0.08,30178.01,25.8,1.47,1.96,13.17,1714.19,1806.57,1.0,1.0,-2.11,4.4,3.57,3.99,0.0,0.0,0.0,0.0,0.0,0.0,0.0,0.0,0.0,0.0,5.0,9.0,6.0,10.0,6.0,10.0,5.0,9.0,0.0,0.0,0.0,0.0,0.0,0.0,0.0,54.27,4.73,4.79,7.7,4.36,5.1,5.98,4.78,6.45,6.19,6.31,7.15,7.86,8.02,9.05,8.81,10.19,9.51,7.13,8.9,8.56,7.72,7.69,7.99,8.62,7.78,9.7,63.82,16.21,9.46,73.94,16.65,20.66,0.28,4.33,11.46,0.36,,,,0.0,0.0,0.0,0.0,0.0,0.0,-6.0,-1.0,1.0,0.0
True,2021/6/30 22:00:12,,3930791026721030440,Equ1,2021/6/30 21:55:05,1.0,0.0,0.0,1313.0,0.0,0.0,0.0,0.0,456.58,501.63,511.8,468.82,459.71,456.11,0.0,7.43,6.84,1.08,2.51,0.0,111.86,124.42,188.35,174.94,186.86,104.75,645.82,698.3,707.88,659.14,651.46,645.35,8908.8,12.88,0.07,30209.86,25.76,1.56,1.96,13.14,1716.58,2000.0,1.0,1.0,-2.11,4.39,3.56,3.99,0.0,0.0,0.0,0.0,0.0,0.0,0.0,0.0,0.0,0.0,5.0,9.0,6.0,10.0,6.0,10.0,5.0,9.0,0.0,0.0,0.0,0.0,0.0,0.0,0.0,51.82,4.72,4.78,7.7,4.35,5.09,5.96,4.76,6.42,6.16,6.26,7.17,7.85,8.0,9.04,8.8,10.2,9.51,7.13,8.89,8.56,7.69,7.65,7.96,8.58,7.71,9.62,63.91,15.94,9.27,73.88,15.33,16.66,0.28,4.34,11.39,0.36,,,,0.0,0.0,0.0,0.0,0.0,0.0,-6.0,-1.0,1.0,0.0
True,2021/6/30 22:00:12,,3930791026721030441,Equ1,2021/6/30 21:55:10,1.0,0.0,0.0,1313.0,0.0,0.0,0.0,0.0,456.58,501.63,511.8,468.82,459.71,456.11,0.0,7.48,6.9,1.08,2.51,0.0,110.94,123.34,188.17,174.64,185.58,104.43,647.95,700.47,710.07,661.27,653.59,647.48,8870.85,13.84,0.07,30114.3,25.03,1.58,2.03,12.32,1720.78,2000.0,1.0,1.0,-2.11,4.39,3.55,3.98,0.0,0.0,0.0,0.0,0.0,0.0,0.0,0.0,0.0,0.0,5.0,9.0,6.0,10.0,6.0,10.0,5.0,9.0,0.0,0.0,0.0,0.0,0.0,0.0,0.0,16.71,4.7,4.78,7.69,4.35,5.1,5.94,4.75,6.41,6.15,6.24,7.34,7.85,8.0,9.05,8.8,10.19,9.5,7.13,8.89,8.57,7.67,7.64,7.93,8.55,7.65,9.54,63.99,15.7,9.1,73.83,14.36,14.59,0.28,4.36,11.42,0.35,,,,0.0,0.0,0.0,0.0,0.0,0.0,-6.0,-1.0,1.0,0.0
True,2021/6/30 22:00:12,,3930791026721030442,Equ1,2021/6/30 21:55:15,1.0,0.0,0.0,1313.0,0.0,0.0,0.0,0.0,456.58,501.63,511.8,468.82,459.71,456.11,0.0,7.45,6.77,1.1,2.53,0.0,111.26,124.22,187.05,175.36,186.05,105.86,649.94,702.44,711.92,663.28,655.6,649.47,9097.55,12.84,0.08,30146.15,24.55,1.45,2.0,12.24,1684.82,2000.0,1.0,1.0,-2.11,4.38,3.55,3.97,0.0,0.0,0.0,0.0,0.0,0.0,0.0,0.0,0.0,0.0,5.0,9.0,6.0,10.0,6.0,10.0,5.0,9.0,0.0,0.0,0.0,0.0,0.0,0.0,0.0,9.61,47.72,4.77,7.69,4.36,5.1,5.93,4.74,6.39,6.12,6.23,7.38,8.08,8.0,9.05,8.81,10.19,9.5,7.13,8.89,8.58,7.69,7.62,7.84,8.52,7.59,9.47,64.11,15.48,8.98,73.8,13.68,13.43,0.28,4.36,11.48,0.36,,,,0.0,0.0,0.0,0.0,0.0,0.0,-6.0,-1.0,1.0,0.0
True,2021/6/30 22:00:12,,3930791026721030443,Equ1,2021/6/30 21:55:20,1.0,0.0,0.0,1313.0,0.0,0.0,0.0,0.0,456.58,501.63,511.8,468.82,459.71,456.11,0.0,7.5,6.9,1.14,2.56,0.0,110.95,123.94,185.76,174.45,185.3,103.94,652.14,704.68,714.25,665.52,657.83,651.67,9072.42,12.01,0.08,30050.58,25.41,1.41,2.0,12.72,1724.54,1782.84,1.0,1.0,-2.11,4.38,3.55,3.98,0.0,0.0,0.0,0.0,0.0,0.0,0.0,0.0,0.0,0.0,5.0,9.0,6.0,10.0,6.0,10.0,5.0,9.0,0.0,0.0,0.0,0.0,0.0,0.0,0.0,8.4,48.28,4.76,7.69,4.35,5.1,5.91,4.72,6.37,6.1,6.21,7.37,8.08,8.0,9.04,8.81,10.2,9.5,7.13,8.89,8.58,7.68,7.6,7.91,8.48,7.54,9.4,64.17,15.25,8.84,73.76,13.15,12.63,0.27,4.39,11.48,0.36,,,,0.0,0.0,0.0,0.0,0.0,0.0,-6.0,-1.0,1.0,0.0
True,2021/6/30 22:00:12,,3930791026721030444,Equ1,2021/6/30 21:55:25,1.0,0.0,0.0,1313.0,0.0,0.0,0.0,0.0,456.58,501.63,511.8,468.82,459.71,456.11,0.0,7.6,7.06,1.19,2.61,0.0,111.66,123.7,185.43,174.73,185.94,103.05,654.19,706.83,716.47,667.62,659.94,653.72,8946.25,12.68,0.08,30050.58,25.37,1.49,2.0,12.71,1698.13,1399.52,1.0,1.0,-2.11,4.37,3.54,3.97,0.0,0.0,0.0,0.0,0.0,0.0,0.0,0.0,0.0,0.0,5.0,9.0,6.0,10.0,6.0,10.0,5.0,9.0,0.0,0.0,0.0,0.0,0.0,0.0,0.0,7.91,37.07,50.23,7.68,4.35,5.11,5.9,4.71,6.35,6.08,6.19,7.36,8.05,7.99,9.03,8.8,10.2,9.48,7.13,8.89,8.59,7.68,7.58,7.92,8.45,7.49,9.33,64.24,15.05,8.74,73.73,12.7,12.06,0.28,4.46,11.44,0.36,,,,0.0,0.0,0.0,0.0,0.0,0.0,-6.0,-1.0,1.0,0.0
True,2021/6/30 22:00:12,,3930791026721030445,Equ1,2021/6/30 21:55:30,1.0,0.0,0.0,1313.0,0.0,0.0,0.0,0.0,456.58,501.63,511.8,468.82,459.71,456.11,0.0,7.49,7.0,1.13,2.57,0.0,112.96,123.5,187.63,175.38,187.04,106.89,656.18,708.72,718.4,669.55,661.89,655.71,9021.65,14.43,0.07,30273.57,24.71,1.65,2.0,12.38,1690.76,1862.12,1.0,1.0,-2.11,4.37,3.54,3.96,0.0,0.0,0.0,0.0,0.0,0.0,0.0,0.0,0.0,0.0,5.0,9.0,6.0,10.0,6.0,10.0,5.0,9.0,0.0,0.0,0.0,0.0,0.0,0.0,0.0,7.63,12.04,61.29,7.67,4.34,5.11,5.88,4.69,6.33,6.06,6.17,7.36,7.99,8.0,9.03,8.8,10.19,9.48,7.14,8.89,8.59,7.67,7.56,8.03,8.47,7.44,9.27,64.31,14.83,8.63,73.71,12.32,11.6,0.28,4.47,11.42,0.36,,,,0.0,0.0,0.0,0.0,0.0,0.0,-6.0,-1.0,1.0,0.0
True,2021/6/30 22:00:12,,3930791026721030446,Equ1,2021/6/30 21:55:35,1.0,0.0,0.0,1313.0,0.0,0.0,0.0,0.0,456.58,501.63,511.8,468.82,459.71,456.11,0.0,7.57,7.0,1.12,2.57,0.0,111.66,123.22,186.78,174.45,186.33,104.63,658.28,710.9,720.49,671.64,663.98,657.81,8933.94,13.31,0.07,30103.68,25.42,1.57,2.0,12.73,1673.54,1995.15,1.0,1.0,-2.11,4.36,3.54,3.96,0.0,0.0,0.0,0.0,0.0,0.0,0.0,0.0,0.0,0.0,5.0,9.0,6.0,10.0,6.0,10.0,5.0,9.0,0.0,0.0,0.0,0.0,0.0,0.0,0.0,7.32,9.18,12.62,7.69,4.35,5.12,5.87,4.68,6.31,6.04,6.15,7.36,7.97,8.0,9.05,8.81,10.2,9.48,7.14,8.89,8.59,7.67,7.53,8.01,8.42,7.4,9.22,64.38,14.61,8.56,73.7,12.02,11.25,0.28,4.48,11.47,0.36,,,,0.0,0.0,0.0,0.0,0.0,0.0,-6.0,-1.0,1.0,0.0
True,2021/6/30 22:00:12,,3930791026721030447,Equ1,2021/6/30 21:55:40,1.0,0.0,0.0,1313.0,0.0,0.0,0.0,0.0,456.58,501.63,511.8,468.82,459.71,456.11,0.0,7.56,7.05,1.12,2.57,0.0,112.36,123.05,187.05,174.46,185.82,105.03,659.94,712.55,722.21,673.29,665.65,659.47,8959.07,14.2,0.07,30103.68,24.53,1.61,2.0,12.28,1681.28,1766.28,1.0,1.0,-2.11,4.36,3.54,3.96,0.0,0.0,0.0,0.0,0.0,0.0,0.0,0.0,0.0,0.0,5.0,9.0,6.0,10.0,6.0,10.0,5.0,9.0,0.0,0.0,0.0,0.0,0.0,0.0,0.0,7.09,8.21,9.97,64.3,4.33,5.1,5.85,4.67,6.3,6.02,6.13,7.35,7.96,7.99,9.03,8.8,10.19,9.47,7.14,8.9,8.59,7.67,7.52,7.98,8.41,7.46,9.16,64.43,14.43,8.5,73.67,11.8,11.02,0.28,4.47,11.46,0.35,,,,0.0,0.0,0.0,0.0,0.0,0.0,-6.0,-1.0,1.0,0.0
True,2021/6/30 22:00:12,,3930791026721030448,Equ1,2021/6/30 21:55:45,1.0,0.0,0.0,1313.0,0.0,0.0,0.0,0.0,456.58,501.63,511.8,468.82,459.71,456.11,0.0,7.56,6.99,1.13,2.6,0.0,111.56,123.31,187.09,174.62,185.62,105.03,662.04,714.64,724.24,675.41,667.77,661.57,9059.6,13.35,0.07,30114.29,24.41,1.51,2.0,12.22,1696.11,1773.44,1.0,1.0,-2.11,4.37,3.54,3.96,0.0,0.0,0.0,0.0,0.0,0.0,0.0,0.0,0.0,0.0,5.0,9.0,6.0,10.0,6.0,10.0,5.0,9.0,0.0,0.0,0.0,0.0,0.0,0.0,0.0,6.76,7.52,8.71,63.67,4.33,5.11,5.84,4.65,6.27,6.01,6.11,7.34,7.96,7.99,9.03,8.8,10.19,9.47,7.14,8.9,8.59,7.67,7.5,7.95,8.39,7.41,9.11,64.51,14.22,8.44,73.66,11.56,10.77,0.28,4.48,11.47,0.36,,,,0.0,0.0,0.0,0.0,0.0,0.0,-6.0,-1.0,1.0,0.0
True,2021/6/30 22:00:12,,3930791026721030449,Equ1,2021/6/30 21:55:50,1.0,0.0,0.0,1313.0,0.0,0.0,0.0,0.0,456.58,501.63,511.8,468.82,459.71,456.11,0.0,7.6,7.1,1.2,2.68,0.0,111.81,124.52,187.09,175.54,186.6,105.27,664.07,716.71,726.39,677.51,669.88,663.6,9135.0,12.35,0.08,30146.15,25.34,1.45,2.0,12.68,1677.95,1774.88,1.0,1.0,-2.11,4.38,3.54,3.97,0.0,0.0,0.0,0.0,0.0,0.0,0.0,0.0,0.0,0.0,5.0,9.0,6.0,10.0,6.0,10.0,5.0,9.0,0.0,0.0,0.0,0.0,0.0,0.0,0.0,6.48,7.06,8.05,20.71,55.86,5.12,5.82,4.65,6.26,5.99,6.09,7.34,7.96,7.99,9.03,8.8,10.2,9.47,7.14,8.9,8.6,7.67,7.48,7.91,8.37,7.31,9.08,64.57,14.05,8.37,73.65,11.35,10.55,0.28,4.51,11.38,0.36,,,,0.0,0.0,0.0,0.0,0.0,0.0,-6.0,-1.0,1.0,0.0
True,2021/6/30 22:00:12,,3930791026721030450,Equ1,2021/6/30 21:55:55,1.0,0.0,0.0,1313.0,0.0,0.0,0.0,0.0,456.58,501.63,511.8,468.82,459.71,456.11,0.0,7.61,7.15,1.16,2.64,0.0,111.28,124.13,186.65,175.01,186.85,105.35,666.15,718.8,728.51,679.54,671.92,665.68,8971.38,13.75,0.07,30114.29,24.69,1.57,1.99,12.37,1682.8,1750.72,1.0,1.0,-2.11,4.38,3.55,3.98,0.0,0.0,0.0,0.0,0.0,0.0,0.0,0.0,0.0,0.0,5.0,9.0,6.0,10.0,6.0,10.0,5.0,9.0,0.0,0.0,0.0,0.0,0.0,0.0,0.0,6.28,6.76,7.63,14.36,29.53,5.12,5.81,4.63,6.24,5.97,6.08,7.34,7.95,7.99,9.03,8.79,10.2,9.47,7.14,8.91,8.61,7.67,7.47,7.89,8.34,7.27,9.04,64.63,13.89,8.32,73.63,11.16,10.38,0.28,4.52,11.47,0.36,,,,0.0,0.0,0.0,0.0,0.0,0.0,-6.0,-1.0,1.0,0.0
True,2021/6/30 22:00:12,,3930791026721030451,Equ1,2021/6/30 21:56:00,1.0,0.0,0.0,1313.0,0.0,0.0,0.0,0.0,456.58,501.63,511.8,468.82,459.71,456.11,0.0,7.54,7.09,1.11,2.62,0.0,111.21,124.58,188.08,175.36,187.18,108.98,668.09,720.67,730.39,681.43,673.83,667.61,9021.65,14.63,0.07,30369.14,24.14,1.64,2.0,12.1,1699.51,1514.25,1.0,1.0,-2.11,4.38,3.55,3.98,0.0,0.0,0.0,0.0,0.0,0.0,0.0,0.0,0.0,0.0,5.0,9.0,6.0,10.0,6.0,10.0,5.0,9.0,0.0,0.0,0.0,0.0,0.0,0.0,0.0,6.12,6.54,7.33,12.52,11.08,5.12,5.8,4.62,6.22,5.95,6.06,7.33,7.96,7.99,9.04,8.8,10.2,9.47,7.14,8.9,8.61,7.67,7.45,7.86,8.33,7.25,9.02,64.68,13.73,8.27,73.62,11.01,10.22,0.28,4.52,11.39,0.36,,,,0.0,0.0,0.0,0.0,0.0,0.0,-6.0,-1.0,1.0,0.0
True,2021/6/30 22:00:12,,3930791026721030452,Equ1,2021/6/30 21:56:05,1.0,0.0,0.0,1313.0,0.0,0.0,0.0,0.0,456.58,501.63,511.8,468.82,459.71,456.11,0.0,7.44,7.0,0.97,2.51,0.0,112.05,123.63,188.53,175.16,187.72,109.14,670.2,722.68,732.41,683.41,675.83,669.73,9034.47,14.5,0.07,30432.85,24.02,1.61,2.0,12.02,1666.45,1746.09,1.0,1.0,-2.11,4.39,3.56,3.98,0.0,0.0,0.0,0.0,0.0,0.0,0.0,0.0,0.0,0.0,5.0,9.0,6.0,10.0,6.0,10.0,5.0,9.0,0.0,0.0,0.0,0.0,0.0,0.0,0.0,6.0,6.35,7.08,11.7,9.0,5.13,5.79,4.61,6.2,5.94,6.05,7.33,7.96,7.99,9.04,8.8,10.21,9.47,7.15,8.91,8.61,7.67,7.44,7.84,8.3,7.21,8.97,64.72,13.59,8.22,73.62,10.86,10.09,0.28,4.53,11.43,0.36,,,,0.0,0.0,0.0,0.0,0.0,0.0,-6.0,-1.0,1.0,0.0
True,2021/6/30 22:00:12,,3930791026721030453,Equ1,2021/6/30 21:56:10,1.0,0.0,0.0,1313.0,0.0,0.0,0.0,0.0,456.58,501.63,511.8,468.82,459.71,456.11,0.0,7.53,7.07,1.05,2.61,0.0,111.15,123.7,188.47,174.71,187.44,110.1,672.11,724.68,734.39,685.39,677.85,671.64,9059.6,15.69,0.06,30369.14,23.45,1.7,2.0,11.74,1703.56,2000.0,1.0,1.0,-2.11,4.4,3.56,4.0,0.0,0.0,0.0,0.0,0.0,0.0,0.0,0.0,0.0,0.0,5.0,9.0,6.0,10.0,6.0,10.0,5.0,9.0,0.0,0.0,0.0,0.0,0.0,0.0,0.0,5.89,6.2,6.9,11.19,8.06,5.13,5.78,4.6,6.19,5.93,6.04,7.33,7.95,8.0,9.05,8.81,10.22,9.48,7.15,8.91,8.62,7.68,7.43,7.82,8.28,7.18,8.92,64.76,13.45,8.18,73.61,10.72,9.96,0.28,4.53,11.43,0.36,,,,0.0,0.0,0.0,0.0,0.0,0.0,-6.0,-1.0,1.0,0.0
True,2021/6/30 22:00:12,,3930791026721030454,Equ1,2021/6/30 21:56:15,1.0,0.0,0.0,1313.0,0.0,0.0,0.0,0.0,456.58,501.63,511.8,468.82,459.71,456.11,0.0,7.51,7.03,1.05,2.62,0.0,110.6,122.97,188.06,174.32,186.41,110.0,674.13,726.69,736.38,687.42,679.88,673.66,9135.0,13.98,0.07,30262.96,23.37,1.51,2.0,11.71,1680.92,1842.59,1.0,1.0,-2.11,4.4,3.56,4.0,0.0,0.0,0.0,0.0,0.0,0.0,0.0,0.0,0.0,0.0,5.0,9.0,6.0,10.0,6.0,10.0,5.0,9.0,0.0,0.0,0.0,0.0,0.0,0.0,0.0,5.8,6.08,6.74,10.82,7.55,5.13,79.06,4.59,6.17,5.91,6.02,7.32,7.95,7.99,9.05,8.81,10.22,9.47,7.15,8.91,8.63,7.68,7.41,7.8,8.26,7.15,8.88,64.81,13.35,8.14,73.6,10.59,9.86,0.28,4.53,11.41,0.36,,,,0.0,0.0,0.0,0.0,0.0,0.0,-6.0,-1.0,1.0,0.0
True,2021/6/30 22:00:12,,3930791026721030455,Equ1,2021/6/30 21:56:20,1.0,0.0,0.0,1313.0,0.0,0.0,0.0,0.0,456.58,501.63,511.8,468.82,459.71,456.11,0.0,7.52,7.17,1.13,2.67,0.0,112.11,123.05,188.6,174.81,186.62,108.54,676.21,728.77,738.59,689.57,682.0,675.73,9185.26,13.03,0.08,30337.29,24.09,1.45,2.0,12.06,1676.51,1798.61,1.0,1.0,-2.11,4.4,3.56,4.0,0.0,0.0,0.0,0.0,0.0,0.0,0.0,0.0,0.0,0.0,5.0,9.0,6.0,10.0,6.0,10.0,5.0,9.0,0.0,0.0,0.0,0.0,0.0,0.0,0.0,5.72,5.96,6.6,10.55,7.19,5.13,47.93,4.58,6.15,5.89,6.01,7.32,7.95,7.99,9.05,8.81,10.22,9.48,7.15,8.91,8.63,7.68,7.4,7.77,8.24,7.12,8.84,64.84,13.26,8.1,73.59,10.47,9.76,0.27,4.54,11.28,0.36,,,,0.0,0.0,0.0,0.0,0.0,0.0,-6.0,-1.0,1.0,0.0
True,2021/6/30 22:00:12,,3930791026721030456,Equ1,2021/6/30 21:56:25,1.0,0.0,0.0,1313.0,0.0,0.0,0.0,0.0,456.58,501.63,511.8,468.82,459.71,456.11,0.0,7.61,7.24,1.08,2.67,0.0,112.17,122.99,190.06,174.65,187.2,107.93,678.32,730.98,740.78,691.64,684.12,677.85,9021.65,15.09,0.06,30401.0,24.77,1.73,2.0,12.42,1681.71,1783.13,1.0,1.0,-2.11,4.39,3.56,3.99,0.0,0.0,0.0,0.0,0.0,0.0,0.0,0.0,0.0,0.0,5.0,9.0,6.0,10.0,6.0,10.0,5.0,9.0,0.0,0.0,0.0,0.0,0.0,0.0,0.0,5.64,5.86,6.48,10.34,6.9,5.13,25.32,54.2,6.13,5.87,6.0,7.31,7.95,7.99,9.05,8.81,10.22,9.49,7.19,8.91,8.62,7.68,7.39,7.75,8.22,7.08,8.8,64.88,13.17,8.08,73.56,10.35,9.66,0.28,4.58,11.47,0.36,,,,0.0,0.0,0.0,0.0,0.0,0.0,-6.0,-1.0,1.0,0.0
True,2021/6/30 22:00:12,,3930791026721030457,Equ1,2021/6/30 21:56:30,1.0,0.0,0.0,1313.0,0.0,0.0,0.0,0.0,456.58,501.63,511.8,468.82,459.71,456.11,0.0,7.55,7.17,1.05,2.64,0.0,111.53,124.06,187.4,174.97,185.89,109.81,680.18,732.77,742.57,693.47,685.95,679.71,9034.47,14.76,0.07,30369.14,24.4,1.67,2.0,12.22,1726.92,1797.6,1.0,1.0,-2.11,4.39,3.56,3.99,0.0,0.0,0.0,0.0,0.0,0.0,0.0,0.0,0.0,0.0,5.0,9.0,6.0,10.0,6.0,10.0,5.0,9.0,0.0,0.0,0.0,0.0,0.0,0.0,0.0,5.56,5.78,6.38,10.17,6.7,5.13,19.54,51.81,6.11,5.85,5.98,7.31,7.95,7.99,9.05,8.82,10.23,9.49,7.18,8.91,8.62,7.68,7.38,7.73,8.19,7.05,8.77,64.92,13.07,8.02,73.55,10.27,9.58,0.28,4.58,11.45,0.36,,,,0.0,0.0,0.0,0.0,0.0,0.0,-6.0,-1.0,1.0,0.0
True,2021/6/30 22:00:12,,3930791026721030458,Equ1,2021/6/30 21:56:35,1.0,0.0,0.0,1313.0,0.0,0.0,0.0,0.0,456.58,501.63,511.8,468.82,459.71,456.11,0.0,7.55,7.2,1.05,2.66,0.0,112.2,123.5,189.86,175.42,188.35,111.31,682.15,734.74,744.56,695.43,687.94,681.68,9059.6,15.41,0.06,30496.57,24.27,1.73,2.0,12.16,1754.48,1273.87,1.0,1.0,-2.11,4.39,3.56,3.98,0.0,0.0,0.0,0.0,0.0,0.0,0.0,0.0,0.0,0.0,5.0,9.0,6.0,10.0,6.0,10.0,5.0,9.0,0.0,0.0,0.0,0.0,0.0,0.0,0.0,5.5,5.69,6.28,10.02,6.53,5.13,17.05,13.02,6.11,5.84,5.97,7.31,7.95,7.99,9.05,8.83,10.23,9.49,7.16,8.91,8.63,7.67,7.37,7.71,8.18,7.03,8.73,64.95,12.95,8.03,73.56,10.18,9.51,0.28,4.58,11.45,0.36,,,,0.0,0.0,0.0,0.0,0.0,0.0,-6.0,-1.0,1.0,0.0
True,2021/6/30 22:00:12,,3930791026721030459,Equ1,2021/6/30 21:56:40,1.0,0.0,0.0,1313.0,0.0,0.0,0.0,0.0,456.58,501.63,511.8,468.82,459.71,456.11,0.0,7.61,7.22,1.04,2.67,0.0,110.63,123.7,189.44,175.13,187.02,109.13,684.26,736.92,746.7,697.53,690.06,683.79,9059.6,16.51,0.06,30369.14,24.15,1.85,1.99,12.1,1715.86,1618.49,1.0,1.0,-2.11,4.38,3.55,3.98,0.0,0.0,0.0,0.0,0.0,0.0,0.0,0.0,0.0,0.0,5.0,9.0,6.0,10.0,6.0,10.0,5.0,9.0,0.0,0.0,0.0,0.0,0.0,0.0,0.0,5.44,5.62,6.2,9.91,6.39,5.14,15.54,9.55,59.05,5.82,5.95,7.3,7.95,7.98,9.05,8.83,10.23,9.48,7.15,8.96,8.63,7.67,7.36,7.7,8.15,7.0,8.7,64.99,12.84,8.0,73.5,10.2,9.44,0.28,4.59,11.41,0.36,,,,0.0,0.0,0.0,0.0,0.0,0.0,-6.0,-1.0,1.0,0.0
True,2021/6/30 22:00:12,,3930791026721030460,Equ1,2021/6/30 21:56:45,1.0,0.0,0.0,1313.0,0.0,0.0,0.0,0.0,456.58,501.63,511.8,468.82,459.71,456.11,0.0,7.57,7.18,1.04,2.68,0.0,111.85,124.45,188.12,175.36,186.63,109.69,686.24,738.86,748.64,699.52,692.05,685.78,9185.26,14.0,0.07,30401.0,23.73,1.54,2.0,11.88,1750.94,1775.1,1.0,1.0,-2.11,4.38,3.55,3.98,0.0,0.0,0.0,0.0,0.0,0.0,0.0,0.0,0.0,0.0,5.0,9.0,6.0,10.0,6.0,10.0,5.0,9.0,0.0,0.0,0.0,0.0,0.0,0.0,0.0,5.38,5.55,6.12,9.79,6.28,5.14,14.48,8.28,59.11,5.82,5.94,7.3,7.94,7.98,9.05,8.83,10.23,9.49,7.16,8.98,8.63,7.67,7.35,7.68,8.14,6.98,8.67,65.02,12.69,7.99,73.51,10.1,9.38,0.28,4.58,11.47,0.36,,,,0.0,0.0,0.0,0.0,0.0,0.0,-6.0,-1.0,1.0,0.0
True,2021/6/30 22:00:12,,3930791026721030461,Equ1,2021/6/30 21:56:50,1.0,0.0,0.0,1313.0,0.0,0.0,0.0,0.0,456.58,501.63,511.8,468.82,459.71,456.11,0.0,7.63,7.23,1.08,2.71,0.0,111.39,123.86,187.59,174.87,185.68,108.68,687.91,740.59,750.35,701.23,693.74,687.44,9198.08,13.19,0.08,30305.43,24.53,1.5,2.0,12.28,1712.31,1750.65,1.0,1.0,-2.11,4.38,3.55,3.97,0.0,0.0,0.0,0.0,0.0,0.0,0.0,0.0,0.0,0.0,5.0,9.0,6.0,10.0,6.0,10.0,5.0,9.0,0.0,0.0,0.0,0.0,0.0,0.0,0.0,5.34,5.5,6.06,9.72,6.2,5.14,13.83,7.74,29.7,64.87,5.93,7.3,7.94,7.98,9.05,8.84,10.23,9.49,7.16,8.98,8.64,7.67,7.34,7.66,8.12,6.96,8.65,65.05,12.56,7.96,73.52,10.03,9.33,0.28,4.6,11.42,0.36,,,,0.0,0.0,0.0,0.0,0.0,0.0,-6.0,-1.0,1.0,0.0
True,2021/6/30 22:00:12,,3930791026721030462,Equ1,2021/6/30 21:56:55,1.0,0.0,0.0,1313.0,0.0,0.0,0.0,0.0,456.58,501.63,511.8,468.82,459.71,456.11,0.0,7.48,7.09,0.93,2.57,0.0,111.73,124.41,188.38,175.33,187.66,109.42,690.09,742.62,752.4,703.26,695.79,689.62,9135.0,15.83,0.06,30401.0,24.26,1.78,1.99,12.17,1737.99,1786.17,1.0,1.0,-2.11,4.38,3.55,3.98,0.0,0.0,0.0,0.0,0.0,0.0,0.0,0.0,0.0,0.0,5.0,9.0,6.0,10.0,6.0,10.0,5.0,9.0,0.0,0.0,0.0,0.0,0.0,0.0,0.0,5.29,5.44,6.0,9.64,6.12,5.14,13.17,7.33,17.75,37.07,5.93,7.3,7.94,7.97,9.05,8.83,10.23,9.5,7.16,8.98,8.65,7.67,7.33,7.65,8.11,6.93,8.61,65.08,12.43,7.94,73.55,9.96,9.28,0.28,4.62,11.47,0.36,,,,0.0,0.0,0.0,0.0,0.0,0.0,-6.0,-1.0,1.0,0.0
True,2021/6/30 22:00:12,,3930791026721030463,Equ1,2021/6/30 21:57:00,1.0,0.0,0.0,1313.0,0.0,0.0,0.0,0.0,456.58,501.63,511.8,468.82,459.71,456.11,0.0,7.64,7.26,1.06,2.71,0.0,111.04,124.57,187.41,175.26,186.75,110.08,691.9,744.58,754.37,705.19,697.74,691.43,9147.31,15.72,0.06,30432.85,23.72,1.73,2.0,11.88,1699.58,1705.87,1.0,1.0,-2.11,4.37,3.55,3.97,0.0,0.0,0.0,0.0,0.0,0.0,0.0,0.0,0.0,0.0,5.0,9.0,6.0,10.0,6.0,10.0,5.0,9.0,0.0,0.0,0.0,0.0,0.0,0.0,0.0,5.24,5.39,5.94,9.57,6.03,5.14,12.64,7.01,14.25,19.77,56.52,7.29,7.94,7.97,9.05,8.84,10.23,9.49,7.17,8.98,8.66,7.88,7.32,7.64,8.09,6.9,8.58,65.11,12.31,7.93,73.57,9.89,9.4,0.28,4.62,11.47,0.36,,,,0.0,0.0,0.0,0.0,0.0,0.0,-6.0,-1.0,1.0,0.0
True,2021/6/30 22:00:12,,3930791026721030464,Equ1,2021/6/30 21:57:05,1.0,0.0,0.0,1313.0,0.0,0.0,0.0,0.0,456.58,501.63,511.8,468.82,459.71,456.11,0.0,7.48,7.16,0.88,2.57,0.0,111.92,123.55,187.88,175.29,187.15,109.69,694.07,746.6,756.45,707.18,699.77,693.6,9084.73,15.47,0.06,30401.0,23.98,1.72,2.0,12.01,1666.59,1750.07,1.0,1.0,-2.11,4.37,3.54,3.97,0.0,0.0,0.0,0.0,0.0,0.0,0.0,0.0,0.0,0.0,5.0,9.0,6.0,10.0,6.0,10.0,5.0,9.0,0.0,0.0,0.0,0.0,0.0,0.0,0.0,5.19,5.34,5.88,9.5,5.96,5.14,12.16,6.79,12.53,15.44,58.43,7.28,7.93,7.97,9.05,8.84,10.24,9.5,7.18,8.99,8.66,7.82,7.31,7.62,8.07,6.88,8.56,65.14,12.21,7.9,73.56,9.83,9.36,0.28,4.62,11.48,0.36,,,,0.0,0.0,0.0,0.0,0.0,0.0,-6.0,-1.0,1.0,0.0
True,2021/6/30 22:00:12,,3930791026721030465,Equ1,2021/6/30 21:57:10,1.0,0.0,0.0,1313.0,0.0,0.0,0.0,0.0,456.58,501.63,511.8,468.82,459.71,456.11,0.0,7.65,7.32,1.03,2.74,0.0,111.2,124.07,187.88,175.06,186.94,110.19,695.94,748.64,758.47,709.2,701.81,695.47,9135.0,17.19,0.06,30432.85,23.84,1.9,2.0,11.95,1672.24,1802.88,1.0,1.0,-2.11,4.37,3.54,3.97,0.0,0.0,0.0,0.0,0.0,0.0,0.0,0.0,0.0,0.0,5.0,9.0,6.0,10.0,6.0,10.0,5.0,9.0,0.0,0.0,0.0,0.0,0.0,0.0,0.0,5.08,5.3,5.82,9.43,5.9,5.15,11.78,6.61,11.42,13.32,45.13,52.82,7.93,7.97,9.05,8.85,10.24,9.5,7.18,8.98,8.66,7.75,7.3,7.6,8.04,6.86,8.53,65.17,12.12,7.88,73.56,9.76,9.25,0.29,4.63,11.47,0.36,,,,0.0,0.0,0.0,0.0,0.0,0.0,-6.0,-1.0,1.0,0.0
True,2021/6/30 22:00:12,,3930791026721030466,Equ1,2021/6/30 21:57:15,1.0,0.0,0.0,1313.0,0.0,0.0,0.0,0.0,456.58,501.63,511.8,468.82,459.71,456.11,0.0,7.62,7.28,1.02,2.74,0.0,110.66,123.87,187.12,174.57,185.78,109.26,698.05,750.72,760.54,711.3,703.92,697.58,9185.26,14.56,0.07,30305.43,23.87,1.61,2.0,11.95,1696.32,1721.64,1.0,1.0,-2.11,4.37,3.55,3.97,0.0,0.0,0.0,0.0,0.0,0.0,0.0,0.0,0.0,0.0,5.0,9.0,6.0,10.0,6.0,10.0,5.0,9.0,0.0,0.0,0.0,0.0,0.0,0.0,0.0,5.06,5.25,5.77,9.37,5.84,5.14,11.45,6.45,10.73,12.15,20.48,55.24,7.92,7.96,9.05,8.84,10.24,9.5,7.18,8.99,8.67,7.65,7.29,7.59,8.03,6.83,8.51,65.2,12.03,7.86,73.55,9.7,9.18,0.28,4.63,11.45,0.36,,,,0.0,0.0,0.0,0.0,0.0,0.0,-6.0,-1.0,1.0,0.0
True,2021/6/30 22:00:12,,3930791026721030467,Equ1,2021/6/30 21:57:20,1.0,0.0,0.0,1313.0,0.0,0.0,0.0,0.0,456.58,501.63,511.8,468.82,459.71,456.11,0.0,7.64,7.36,1.02,2.76,0.0,112.23,124.03,186.89,175.0,186.44,109.0,700.05,752.73,762.62,713.3,705.93,699.58,9248.35,13.77,0.07,30305.43,24.18,1.54,2.0,12.11,1729.17,1801.58,1.0,1.0,-2.11,4.38,3.56,3.98,0.0,0.0,0.0,0.0,0.0,0.0,0.0,0.0,0.0,0.0,5.0,9.0,6.0,10.0,6.0,10.0,5.0,9.0,0.0,0.0,0.0,0.0,0.0,0.0,0.0,5.15,5.21,5.72,9.32,5.78,5.15,11.16,6.33,10.21,11.34,15.53,19.45,7.92,7.97,9.05,8.85,10.24,9.5,7.18,8.99,8.67,7.66,7.29,7.58,8.01,6.81,8.48,65.22,11.94,7.84,73.54,9.65,9.13,0.28,4.64,11.47,0.36,,,,0.0,0.0,0.0,0.0,0.0,0.0,-6.0,-1.0,1.0,0.0
True,2021/6/30 22:00:12,,3930791026721030468,Equ1,2021/6/30 21:57:25,1.0,0.0,468.82,1313.0,0.0,0.0,0.0,0.0,1719.36,1719.65,749.21,749.5,0.0,0.0,2155.82,2155.82,3164.44,3164.44,0.0,0.0,34.92,42.09,36.72,47.31,36.1,39.42,1813.52,1813.81,1739.09,1739.38,2271.38,2271.66,9160.13,16.96,0.06,30464.71,24.28,1.91,1.99,12.18,1687.57,1755.5,1.0,1.0,-2.11,4.39,3.56,3.98,0.0,0.0,0.0,0.0,0.0,0.0,0.0,0.0,0.0,0.0,5.0,9.0,6.0,10.0,6.0,10.0,5.0,9.0,0.0,0.0,0.0,0.0,0.0,0.0,0.0,5.13,5.55,5.68,9.27,5.74,5.14,10.88,6.22,9.79,10.72,13.28,12.95,52.68,7.96,9.05,8.85,10.24,9.5,7.19,8.99,8.67,7.66,7.29,7.57,7.99,6.78,8.45,65.24,11.86,7.81,73.54,9.59,9.08,105.76,106.04,2539.04,2539.32,,,,0.0,0.0,0.0,0.0,0.0,0.0,11.47,4.66,1.0,0.0
True,2021/6/30 22:00:12,,3930791026721030469,Equ1,2021/6/30 21:57:30,1.0,0.0,0.0,1313.0,0.0,0.0,0.0,0.0,456.58,501.63,511.8,468.82,459.71,456.11,0.0,7.66,7.37,1.03,2.8,0.0,110.84,124.07,188.34,175.06,186.92,111.07,703.97,756.68,766.55,717.24,709.9,703.5,9109.87,15.75,0.06,30369.14,23.83,1.74,2.0,11.94,1684.46,1752.6,1.0,1.0,-2.11,4.39,3.56,3.99,0.0,0.0,0.0,0.0,0.0,0.0,0.0,0.0,0.0,0.0,5.0,9.0,6.0,10.0,6.0,10.0,5.0,9.0,0.0,0.0,0.0,0.0,0.0,0.0,0.0,5.09,5.46,5.63,9.22,5.69,5.15,10.65,6.12,9.47,10.28,11.9,11.66,52.2,7.96,9.05,8.85,10.24,9.5,7.19,8.99,8.67,7.66,7.28,7.56,7.97,6.76,8.43,65.27,11.78,7.8,73.54,9.54,9.04,0.28,4.66,11.47,0.36,,,,0.0,0.0,0.0,0.0,0.0,0.0,-6.0,-1.0,1.0,0.0
True,2021/6/30 22:00:12,,3930791026721030470,Equ1,2021/6/30 21:57:35,1.0,0.0,0.0,1313.0,0.0,0.0,0.0,0.0,456.58,501.63,511.8,468.82,459.71,456.11,0.0,7.61,7.31,0.96,2.73,0.0,114.08,123.16,187.73,175.42,187.27,112.41,705.89,758.55,768.42,719.09,711.75,705.42,9135.0,16.39,0.06,30539.04,23.78,1.8,2.0,11.91,1695.53,1789.86,1.0,1.0,-2.11,4.39,3.56,3.99,0.0,0.0,0.0,0.0,0.0,0.0,0.0,0.0,0.0,0.0,5.0,9.0,6.0,10.0,6.0,10.0,5.0,9.0,0.0,0.0,0.0,0.0,0.0,0.0,0.0,5.04,5.35,5.6,9.19,5.66,5.16,10.43,6.04,9.21,9.92,11.04,11.0,19.68,7.96,9.05,8.85,10.25,9.5,7.19,9.0,8.67,7.66,7.27,7.6,7.96,6.75,8.41,65.29,11.71,7.78,73.54,9.5,9.01,0.28,4.66,11.45,0.36,,,,0.0,0.0,0.0,0.0,0.0,0.0,-6.0,-1.0,1.0,0.0
True,2021/6/30 22:00:12,,3930791026721030471,Equ1,2021/6/30 21:57:40,1.0,0.0,0.0,1313.0,0.0,0.0,0.0,0.0,456.58,501.63,511.8,468.82,459.71,456.11,0.0,7.63,7.32,0.93,2.75,0.0,113.04,125.19,189.05,176.01,188.15,112.95,707.87,760.54,770.41,721.03,713.75,707.4,9185.26,17.32,0.06,30666.46,23.37,1.87,2.0,11.71,1701.39,1771.12,1.0,1.0,-2.11,4.39,3.56,3.99,0.0,0.0,0.0,0.0,0.0,0.0,0.0,0.0,0.0,0.0,5.0,9.0,6.0,10.0,6.0,10.0,5.0,9.0,0.0,0.0,0.0,0.0,0.0,0.0,0.0,5.0,5.3,5.57,9.15,5.62,5.16,10.23,5.96,8.98,9.62,10.42,10.6,14.86,65.39,9.04,8.85,10.24,9.5,7.2,9.0,8.67,7.66,7.26,7.59,7.88,6.72,8.38,65.31,11.65,7.77,73.52,9.45,8.97,0.28,4.66,11.33,0.36,,,,0.0,0.0,0.0,0.0,0.0,0.0,-6.0,-1.0,1.0,0.0
